SensorId, TimeStamp (s), FrameNumber, AccX (g), AccY (g), AccZ (g), GyroX (deg/s), GyroY (deg/s), GyroZ (deg/s), MagX (uT), MagY (uT), MagZ (uT), EulerX (deg), EulerY (deg), EulerZ (deg), QuatW, QuatX,QuatY,QuatZ
1,11.09999942779541,0.022826090455055237,0.05001956224441528,0.0,-0.2677116096019745,0.005541212856769562,-0.009755915962159634,0.0,1.2828956842422485,-1.0004091262817383,0.01576717011630535,0.0,-161.34466552734375,0.0041196937672793865,0.0041196937672793865,0.0041196937672793865,0.0041196937672793865
2,7.0,0.011991013772785664,0.019175393506884575,0.0,0.01724448800086975,0.0007024277001619339,-0.003123193746432662,0.0,0.6742491126060486,-1.002906084060669,-0.04272628575563431,0.0,-112.86323547363281,0.0031280077528208494,0.0031280077528208494,0.0031280077528208494,0.0031280077528208494
2,7.099999904632568,0.012350163422524929,0.07629252225160599,0.0,0.01653156243264675,0.0010023806244134903,-0.02298058196902275,0.0,0.6735842823982239,-1.001173973083496,-0.027732981368899345,0.0,-112.86508178710938,0.003129903692752123,0.003129903692752123,0.003129903692752123,0.003129903692752123
3,2.6599998474121094,0.036523573100566864,-0.13636106252670288,0.0,-0.6554718613624573,0.011302602477371693,-0.4387728273868561,0.0,2.08609676361084,-0.9989003539085388,0.21588470041751862,0.0,136.97088623046875,-0.0013552320888265967,-0.0013552320888265967,-0.0013552320888265967,-0.0013552320888265967
3,2.679999828338623,0.036005765199661255,0.0059447698295116425,0.0,-0.6551550030708313,0.011700944975018501,-0.035122256726026535,0.0,2.0854740142822266,-0.9954818487167358,0.025013063102960587,0.0,136.97145080566406,-0.0013557167258113623,-0.0013557167258113623,-0.0013557167258113623,-0.0013557167258113623
3,2.700000047683716,0.03636474907398224,0.026371872052550316,0.0,-0.6441053152084351,0.010669885203242302,0.006038143299520016,0.0,2.0835306644439697,-0.9952148795127869,0.0039184498600661755,0.0,136.97193908691406,-0.0014391136355698109,-0.0014391136355698109,-0.0014391136355698109,-0.0014391136355698109
3,2.7200000286102295,0.036626651883125305,-0.00031089442200027406,0.0,-0.6444653868675232,0.011081302538514137,0.031312085688114166,0.0,2.084439754486084,-0.9949583411216736,0.038096487522125244,0.0,136.97267150878906,-0.001438976381905377,-0.001438976381905377,-0.001438976381905377,-0.001438976381905377
1,0.29999998211860657,0.02256675995886326,0.009833735413849354,0.0,-0.27328020334243774,0.004940006881952286,-0.002189203631132841,0.0,1.2935395240783691,-0.9975579977035522,-0.02205449528992176,0.0,-161.33958435058594,0.004183170851320028,0.004183170851320028,0.004183170851320028,0.004183170851320028
2,0.29999998211860657,0.012384824454784393,-0.06100637465715408,0.0,-0.01215089950710535,0.0008482132107019424,-0.0020949712488800287,0.0,0.6553031206130981,-1.0013175010681152,-0.009312346577644348,0.0,-112.86009979248047,0.003250457812100649,0.003250457812100649,0.003250457812100649,0.003250457812100649
1,0.3999999761581421,0.021435482427477837,0.016228480264544487,0.0,-0.27008745074272156,0.004210738465189934,-0.015932787209749222,0.0,1.296410083770752,-0.998296856880188,0.015666354447603226,0.0,-161.33966064453125,0.004159734584391117,0.004159734584391117,0.004159734584391117,0.004159734584391117
2,0.3999999761581421,0.012853934429585934,-0.001758481259457767,0.0,-0.02121295966207981,0.0006389152258634567,0.058747705072164536,0.0,0.6474875211715698,-1.0014086961746216,0.04092751443386078,0.0,-112.86134338378906,0.0032785849180072546,0.0032785849180072546,0.0032785849180072546,0.0032785849180072546
3,0.29999998211860657,0.03659331053495407,-0.019952937960624695,0.0,-0.640799343585968,0.011376642622053623,0.00432593934237957,0.0,2.1204564571380615,-0.9949498772621155,-0.02107057347893715,0.0,136.9662628173828,-0.0015850842464715242,-0.0015850842464715242,-0.0015850842464715242,-0.0015850842464715242
1,0.5,0.023224763572216034,-0.024369509890675545,0.0,-0.26973700523376465,0.00441381148993969,-0.019809015095233917,0.0,1.2889317274093628,-0.9974490404129028,-0.041097383946180344,0.0,-161.3414764404297,0.004145967774093151,0.004145967774093151,0.004145967774093151,0.004145967774093151
3,0.3999999761581421,0.03606894612312317,0.04507577046751976,0.0,-0.6327817440032959,0.01077356282621622,0.003847408341243863,0.0,2.1238462924957275,-0.9950912594795227,0.037989433854818344,0.0,136.9698028564453,-0.0016604203265160322,-0.0016604203265160322,-0.0016604203265160322,-0.0016604203265160322
2,0.5,0.01022794283926487,-0.021772829815745354,0.0,-0.015430271625518799,0.0007582996040582657,-0.0285000242292881,0.0,0.6553619503974915,-1.0015372037887573,-0.021097371354699135,0.0,-112.86148834228516,0.003274529241025448,0.003274529241025448,0.003274529241025448,0.003274529241025448
1,0.5999999642372131,0.021852340549230576,0.012068115174770355,0.0,-0.267429918050766,0.004052657634019852,0.021171897649765015,0.0,1.2881311178207397,-0.9983171820640564,-0.03688505291938782,0.0,-161.3419952392578,0.004124921280890703,0.004124921280890703,0.004124921280890703,0.004124921280890703
2,0.5999999642372131,0.012834994122385979,-0.033502962440252304,0.0,-0.008066735230386257,0.0007358025759458542,-0.025912484154105186,0.0,0.6521608829498291,-1.0009537935256958,0.02329058013856411,0.0,-112.8613510131836,0.0032055475749075413,0.0032055475749075413,0.0032055475749075413,0.0032055475749075413
2,0.699999988079071,0.012300163507461548,0.007909917272627354,0.0,-0.010256828740239143,0.0009593535214662552,0.03808096423745155,0.0,0.6631274819374084,-1.0017147064208984,-0.030123433098196983,0.0,-112.86200714111328,0.0032743618357926607,0.0032743618357926607,0.0032743618357926607,0.0032743618357926607
1,0.699999988079071,0.02241949923336506,0.06781025975942612,0.0,-0.2865390479564667,0.006048830226063728,-0.045704491436481476,0.0,1.286819577217102,-0.9983958601951599,9.803743887459859e-05,0.0,-161.34117126464844,0.004287685267627239,0.004287685267627239,0.004287685267627239,0.004287685267627239
3,0.5,0.036294352263212204,3.518358789733611e-05,0.0,-0.6223012804985046,0.010837901383638382,3.328876118757762e-05,0.0,2.1230697631835938,-0.9948450326919556,-0.011163231916725636,0.0,136.97137451171875,-0.0017427458660677075,-0.0017427458660677075,-0.0017427458660677075,-0.0017427458660677075
1,0.7999999523162842,0.023501776158809662,0.018862498924136162,0.0,-0.28542256355285645,0.006226962432265282,-0.001874722307547927,0.0,1.2753758430480957,-0.9989951848983765,-0.012619714252650738,0.0,-161.34036254882812,0.004261961672455072,0.004261961672455072,0.004261961672455072,0.004261961672455072
3,0.5999999642372131,0.03773828595876694,0.020205240696668625,0.0,-0.6236483454704285,0.010830352082848549,-0.02896958217024803,0.0,2.1196062564849854,-0.9948222041130066,0.03364485502243042,0.0,136.9716339111328,-0.0017206843476742506,-0.0017206843476742506,-0.0017206843476742506,-0.0017206843476742506
3,0.699999988079071,0.036790668964385986,-0.04043028503656387,0.0,-0.6182106733322144,0.012437637895345688,0.034244608134031296,0.0,2.1090645790100098,-0.99509197473526,-0.012813513167202473,0.0,136.97079467773438,-0.0017312272684648633,-0.0017312272684648633,-0.0017312272684648633,-0.0017312272684648633
1,0.8999999761581421,0.022156953811645508,0.0015242538647726178,0.0,-0.29531922936439514,0.005174580961465836,-0.0013088712003082037,0.0,1.2695415019989014,-0.999031126499176,-0.016846418380737305,0.0,-161.34149169921875,0.004338821861892939,0.004338821861892939,0.004338821861892939,0.004338821861892939
3,0.7999999523162842,0.03687512129545212,-0.04719935357570648,0.0,-0.624724805355072,0.011524076573550701,-0.044344786554574966,0.0,2.1023972034454346,-0.995553195476532,0.0013477093307301402,0.0,136.97128295898438,-0.0016569263534620404,-0.0016569263534620404,-0.0016569263534620404,-0.0016569263534620404
1,1.0,0.022758079692721367,-0.00795116275548935,0.0,-0.2949633002281189,0.004137188196182251,-0.004704246763139963,0.0,1.2557947635650635,-0.9984503388404846,-0.03619959577918053,0.0,-161.3425750732422,0.004316216800361872,0.004316216800361872,0.004316216800361872,0.004316216800361872
2,0.7999999523162842,0.011351754888892174,-0.061215389519929886,0.0,-0.018609708175063133,-0.0003813542425632477,-0.007616160437464714,0.0,0.6452167630195618,-1.0012357234954834,0.020242422819137573,0.0,-112.86292266845703,0.003248636145144701,0.003248636145144701,0.003248636145144701,0.003248636145144701
2,0.8999999761581421,0.012936829589307308,0.06038564816117287,0.0,-0.014150620438158512,0.00023147650063037872,0.04469852149486542,0.0,0.6351499557495117,-1.0009506940841675,-0.01802482269704342,0.0,-112.86422729492188,0.0031675875652581453,0.0031675875652581453,0.0031675875652581453,0.0031675875652581453
1,1.100000023841858,0.022969886660575867,0.06900995969772339,0.0,-0.2776434123516083,0.00510220043361187,-0.012661773711442947,0.0,1.2522716522216797,-0.998038649559021,0.006448732689023018,0.0,-161.34158325195312,0.004162188153713942,0.004162188153713942,0.004162188153713942,0.004162188153713942
3,0.8999999761581421,0.03761973977088928,0.020557597279548645,0.0,-0.6180891990661621,0.011269004084169865,-0.009378877468407154,0.0,2.097076177597046,-0.9950533509254456,0.017588486894965172,0.0,136.97286987304688,-0.0016934963641688228,-0.0016934963641688228,-0.0016934963641688228,-0.0016934963641688228
1,1.1999999284744263,0.02152501791715622,-0.007071667816489935,0.0,-0.27309873700141907,0.004918763414025307,0.017451148480176926,0.0,1.2560932636260986,-0.9980670809745789,-0.011335073970258236,0.0,-161.3407745361328,0.004128533415496349,0.004128533415496349,0.004128533415496349,0.004128533415496349
3,1.0,0.03648791462182999,0.001033802516758442,0.0,-0.6252101063728333,0.011202973313629627,0.022193457931280136,0.0,2.098593235015869,-0.9949204921722412,-0.01346614584326744,0.0,136.97242736816406,-0.0016406213399022818,-0.0016406213399022818,-0.0016406213399022818,-0.0016406213399022818
2,1.0,0.01107911765575409,0.061379410326480865,0.0,-0.01302281953394413,0.0006128400564193726,0.003007073188200593,0.0,0.6344162821769714,-1.001399040222168,0.0038244156166911125,0.0,-112.86476135253906,0.0031558258924633265,0.0031558258924633265,0.0031558258924633265,0.0031558258924633265
2,1.100000023841858,0.0103833619505167,0.05306358262896538,0.0,-0.006610920652747154,0.0008215717971324921,0.015509695746004581,0.0,0.6446725130081177,-1.0012043714523315,-0.055239830166101456,0.0,-112.86483001708984,0.003158687613904476,0.003158687613904476,0.003158687613904476,0.003158687613904476
1,1.2999999523162842,0.02154228463768959,-0.010218293406069279,0.0,-0.26365968585014343,0.004560019820928574,0.04259331896901131,0.0,1.258912444114685,-0.9984427690505981,-0.01257412787526846,0.0,-161.34083557128906,0.0040512396954,0.0040512396954,0.0040512396954,0.0040512396954
3,1.100000023841858,0.03717432916164398,0.0033671590499579906,0.0,-0.6322990655899048,0.011893161572515965,0.010712915100157261,0.0,2.0929601192474365,-0.9959064722061157,-0.00596974091604352,0.0,136.97216796875,-0.001565090729855001,-0.001565090729855001,-0.001565090729855001,-0.001565090729855001
3,1.1999999284744263,0.035998739302158356,0.0016496357275173068,0.0,-0.6261876821517944,0.010822879150509834,0.03736630082130432,0.0,2.0994725227355957,-0.9948987364768982,-0.007646025624126196,0.0,136.9708709716797,-0.0016357596032321453,-0.0016357596032321453,-0.0016357596032321453,-0.0016357596032321453
2,1.1999999284744263,0.01105897780507803,-0.0435585118830204,0.0,-0.001243147416971624,0.0004495680332183838,-0.02988707646727562,0.0,0.649267852306366,-1.0009690523147583,-0.009002408012747765,0.0,-112.86370086669922,0.0031418772414326668,0.0031418772414326668,0.0031418772414326668,0.0031418772414326668
2,1.2999999523162842,0.01112470030784607,0.008329224772751331,0.0,-0.0012442147126421332,-0.0008609797805547714,-0.0041934531182050705,0.0,0.6486639380455017,-1.001581072807312,-0.05275149270892143,0.0,-112.86566925048828,0.0031388893257826567,0.0031388893257826567,0.0031388893257826567,0.0031388893257826567
3,1.2999999523162842,0.03540782630443573,-0.05273584648966789,0.0,-0.6323418021202087,0.010981552302837372,0.015612682327628136,0.0,2.0853939056396484,-0.9948616623878479,0.023312924429774284,0.0,136.97059631347656,-0.001540785888209939,-0.001540785888209939,-0.001540785888209939,-0.001540785888209939
1,1.399999976158142,0.02225451171398163,0.011592898517847061,0.0,-0.25382745265960693,0.004842514172196388,0.03264851123094559,0.0,1.2560701370239258,-0.9978751540184021,0.0144607312977314,0.0,-161.34104919433594,0.003962537739425898,0.003962537739425898,0.003962537739425898,0.003962537739425898
3,1.399999976158142,0.03636877238750458,-0.022345121949911118,0.0,-0.6447350978851318,0.011315425857901573,0.009425069205462933,0.0,2.0841739177703857,-0.9953873157501221,0.017555691301822662,0.0,136.96981811523438,-0.0014364095404744148,-0.0014364095404744148,-0.0014364095404744148,-0.0014364095404744148
1,1.5,0.021365078166127205,-0.0002444583806209266,0.0,-0.2581791281700134,0.004361674189567566,-0.01652899757027626,0.0,1.245972990989685,-0.9979447722434998,-0.026324333623051643,0.0,-161.34149169921875,0.003985688090324402,0.003985688090324402,0.003985688090324402,0.003985688090324402
3,1.5,0.03728688880801201,0.035891201347112656,0.0,-0.6434318423271179,0.011262436397373676,0.008885941468179226,0.0,2.0977182388305664,-0.9945504069328308,-0.04291333258152008,0.0,136.96923828125,-0.0014904369600117207,-0.0014904369600117207,-0.0014904369600117207,-0.0014904369600117207
1,1.5999999046325684,0.021818721666932106,0.011584272608160973,0.0,-0.24849878251552582,0.003818269819021225,-0.0461808405816555,0.0,1.2524802684783936,-0.9988459348678589,-0.011557979509234428,0.0,-161.34107971191406,0.003911574836820364,0.003911574836820364,0.003911574836820364,0.003911574836820364
2,1.399999976158142,0.011645535007119179,-0.0396895706653595,0.0,-0.0018144685309380293,-0.0004070177674293518,0.03278090059757233,0.0,0.6581133008003235,-1.000817894935608,-0.007167605217546225,0.0,-112.86587524414062,0.0031886203214526176,0.0031886203214526176,0.0031886203214526176,0.0031886203214526176
1,1.6999999284744263,0.022202396765351295,0.04789547994732857,0.0,-0.25658944249153137,0.003973174840211868,-1.6517438780283555e-05,0.0,1.258122205734253,-0.9988747835159302,0.01923638954758644,0.0,-161.3408660888672,0.003989240620285273,0.003989240620285273,0.003989240620285273,0.003989240620285273
3,1.5999999046325684,0.036951944231987,-0.03538048267364502,0.0,-0.6398749351501465,0.010480794124305248,0.01339934766292572,0.0,2.0901119709014893,-0.9944528341293335,-0.028003832325339317,0.0,136.9700164794922,-0.0014948350144550204,-0.0014948350144550204,-0.0014948350144550204,-0.0014948350144550204
1,1.7999999523162842,0.022428516298532486,0.0015842498978599906,0.0,-0.2665118873119354,0.005131695419549942,-0.027293365448713303,0.0,1.2448790073394775,-0.9975529313087463,0.03806828707456589,0.0,-161.33999633789062,0.004056025296449661,0.004056025296449661,0.004056025296449661,0.004056025296449661
2,1.5,0.011735359206795692,0.05448337271809578,0.0,-0.025391576811671257,1.208670437335968e-05,-0.016978509724140167,0.0,0.6654324531555176,-1.0009791851043701,-0.0074512409046292305,0.0,-112.86549377441406,0.003395386505872011,0.003395386505872011,0.003395386505872011,0.003395386505872011
2,1.5999999046325684,0.011171300895512104,-0.0647011324763298,0.0,-0.03418148681521416,0.0012280400842428207,-0.009517958387732506,0.0,0.6548556089401245,-1.0018677711486816,0.035617727786302567,0.0,-112.86326599121094,0.0034083558712154627,0.0034083558712154627,0.0034083558712154627,0.0034083558712154627
3,1.6999999284744263,0.035978689789772034,-0.0034810686483979225,0.0,-0.6488713622093201,0.011120454408228397,0.013901028782129288,0.0,2.1068265438079834,-0.9939683079719543,-0.004495563916862011,0.0,136.97055053710938,-0.001475215540267527,-0.001475215540267527,-0.001475215540267527,-0.001475215540267527
3,1.7999999523162842,0.03618813306093216,-0.020903050899505615,0.0,-0.6461310982704163,0.010797741822898388,0.002105470048263669,0.0,2.1107547283172607,-0.9944813847541809,-0.012971323914825916,0.0,136.97080993652344,-0.001509989146143198,-0.001509989146143198,-0.001509989146143198,-0.001509989146143198
1,1.899999976158142,0.020998189225792885,-0.013441929593682289,0.0,-0.261496901512146,0.004477391019463539,0.015388001687824726,0.0,1.255924940109253,-0.9974732995033264,0.014529429376125336,0.0,-161.3391571044922,0.004028544295579195,0.004028544295579195,0.004028544295579195,0.004028544295579195
2,1.6999999284744263,0.01194700039923191,0.014445926062762737,0.0,-0.02596629597246647,0.0009594522416591644,-0.019206348806619644,0.0,0.6473531723022461,-1.000550627708435,0.012400361709296703,0.0,-112.86235809326172,0.003312458051368594,0.003312458051368594,0.003312458051368594,0.003312458051368594
2,1.7999999523162842,0.011602001264691353,0.04003003239631653,0.0,-0.03135618194937706,0.000408954918384552,0.0269476268440485,0.0,0.6583898067474365,-1.0018377304077148,-0.00979011133313179,0.0,-112.86273956298828,0.0034048869274556637,0.0034048869274556637,0.0034048869274556637,0.0034048869274556637
3,1.899999976158142,0.03605093061923981,0.023934289813041687,0.0,-0.6597387194633484,0.011027277447283268,0.0015430126804858446,0.0,2.0930256843566895,-0.9946665167808533,0.010599195957183838,0.0,136.9705810546875,-0.001342822564765811,-0.001342822564765811,-0.001342822564765811,-0.001342822564765811
1,2.0,0.02168232575058937,-0.012352567166090012,0.0,-0.2759562134742737,0.004971766844391823,-0.007206533569842577,0.0,1.2661924362182617,-0.9981693029403687,0.022287100553512573,0.0,-161.33929443359375,0.004167559556663036,0.004167559556663036,0.004167559556663036,0.004167559556663036
2,1.899999976158142,0.012263166718184948,0.03767618164420128,0.0,-0.018211765214800835,0.0007639992982149124,-0.0167550016194582,0.0,0.6502116918563843,-1.001442313194275,0.029542207717895508,0.0,-112.86247253417969,0.003269862150773406,0.003269862150773406,0.003269862150773406,0.003269862150773406
3,2.0,0.036863021552562714,0.02462734654545784,0.0,-0.6635128855705261,0.010371948592364788,-0.016457902267575264,0.0,2.0938143730163574,-0.9941432476043701,0.01716405339539051,0.0,136.97035217285156,-0.0013147516874596477,-0.0013147516874596477,-0.0013147516874596477,-0.0013147516874596477
1,2.0999999046325684,0.022569525986909866,-0.010567598976194859,0.0,-0.27018508315086365,0.004301795735955238,0.005203699693083763,0.0,1.279502272605896,-0.9988985061645508,0.007628728169947863,0.0,-161.33984375,0.004136642906814814,0.004136642906814814,0.004136642906814814,0.004136642906814814
1,2.200000047683716,0.022966518998146057,-0.008411374874413013,0.0,-0.26364412903785706,0.004305507987737656,0.0017031054012477398,0.0,1.271526575088501,-0.9981837272644043,0.014947701245546341,0.0,-161.33990478515625,0.004069033544510603,0.004069033544510603,0.004069033544510603,0.004069033544510603
3,2.0999999046325684,0.03737383335828781,0.050322890281677246,0.0,-0.6447443962097168,0.010920707136392593,-0.05191501975059509,0.0,2.0948550701141357,-0.994925320148468,0.004456594120711088,0.0,136.97018432617188,-0.001470458577387035,-0.001470458577387035,-0.001470458577387035,-0.001470458577387035
2,2.0,0.01200010348111391,0.015497243031859398,0.0,-0.016504371538758278,0.0006383806467056274,0.056823961436748505,0.0,0.6497260928153992,-1.0011165142059326,-0.008443638682365417,0.0,-112.86326599121094,0.0032550725154578686,0.0032550725154578686,0.0032550725154578686,0.0032550725154578686
1,2.299999952316284,0.022355295717716217,0.0019450488034635782,0.0,-0.26808345317840576,0.004266183823347092,-0.009602154605090618,0.0,1.2729305028915405,-0.9977176189422607,-0.0015978189185261726,0.0,-161.3397216796875,0.004109259694814682,0.004109259694814682,0.004109259694814682,0.004109259694814682
2,2.0999999046325684,0.012173673138022423,-0.06637845933437347,0.0,-0.01706649363040924,0.0006019305437803268,0.014026571996510029,0.0,0.6530616283416748,-1.001064658164978,0.023081770166754723,0.0,-112.86365509033203,0.003275238210335374,0.003275238210335374,0.003275238210335374,0.003275238210335374
1,2.3999998569488525,0.02249702624976635,0.03265213966369629,0.0,-0.2743721008300781,0.004547541961073875,0.01637575402855873,0.0,1.2772748470306396,-0.9979697465896606,-0.030797259882092476,0.0,-161.34078979492188,0.0041694557294249535,0.0041694557294249535,0.0041694557294249535,0.0041694557294249535
3,2.200000047683716,0.03749573975801468,0.043591905385255814,0.0,-0.6498242020606995,0.011483410373330116,-0.03880510851740837,0.0,2.1064226627349854,-0.9943170547485352,0.0075017232447862625,0.0,136.9691162109375,-0.001466427813284099,-0.001466427813284099,-0.001466427813284099,-0.001466427813284099
2,2.200000047683716,0.011754943057894707,-0.026252038776874542,0.0,-0.02326340042054653,0.0005997736006975174,-0.0053607141599059105,0.0,0.6480551362037659,-1.000805377960205,-0.00791601650416851,0.0,-112.86437225341797,0.003296111710369587,0.003296111710369587,0.003296111710369587,0.003296111710369587
1,2.5,0.022028954699635506,0.0012141548795625567,0.0,-0.26164939999580383,0.004794687032699585,-0.014062255620956421,0.0,1.2761508226394653,-0.9980687499046326,-0.03763371333479881,0.0,-161.34121704101562,0.004058276303112507,0.004058276303112507,0.004058276303112507,0.004058276303112507
2,2.299999952316284,0.011236121878027916,-0.05233132466673851,0.0,-0.02582520805299282,0.00047712214291095734,0.00527345621958375,0.0,0.6422010660171509,-1.0016459226608276,-0.02134416066110134,0.0,-112.86470031738281,0.0032864795066416264,0.0032864795066416264,0.0032864795066416264,0.0032864795066416264
2,2.3999998569488525,0.011560538783669472,0.02823873609304428,0.0,-0.011307449080049992,0.00029989704489707947,-0.04580802842974663,0.0,0.6437734365463257,-1.0004671812057495,-0.010389645583927631,0.0,-112.8646469116211,0.0031885067000985146,0.0031885067000985146,0.0031885067000985146,0.0031885067000985146
2,2.5,0.011372433975338936,0.09898403286933899,0.0,-0.006523831747472286,0.0003978908061981201,0.02533603273332119,0.0,0.6460214853286743,-1.0010911226272583,-0.03152230381965637,0.0,-112.86591339111328,0.0031645193230360746,0.0031645193230360746,0.0031645193230360746,0.0031645193230360746
1,2.5999999046325684,0.02281653881072998,-0.019333602860569954,0.0,-0.2776821255683899,0.005097547546029091,0.0261831097304821,0.0,1.275317668914795,-0.9987698793411255,-0.02508094534277916,0.0,-161.34144592285156,0.0041951281018555164,0.0041951281018555164,0.0041951281018555164,0.0041951281018555164
3,2.299999952316284,0.03612442687153816,0.06027144566178322,0.0,-0.6427068114280701,0.011347969993948936,-0.02416483499109745,0.0,2.1023871898651123,-0.9951785802841187,-0.02076890505850315,0.0,136.97035217285156,-0.0015110817039385438,-0.0015110817039385438,-0.0015110817039385438,-0.0015110817039385438
3,2.3999998569488525,0.03707792982459068,-0.03414609655737877,0.0,-0.6330599784851074,0.010751121677458286,0.040829677134752274,0.0,2.0981569290161133,-0.9950879812240601,-0.015907056629657745,0.0,136.97007751464844,-0.001575895817950368,-0.001575895817950368,-0.001575895817950368,-0.001575895817950368
2,2.5999999046325684,0.011698761023581028,0.032105401158332825,0.0,-0.003237079828977585,0.00048337318003177643,-0.021221542730927467,0.0,0.6535231471061707,-1.0000437498092651,-0.006605499889701605,0.0,-112.86646270751953,0.0031767927575856447,0.0031767927575856447,0.0031767927575856447,0.0031767927575856447
1,2.700000047683716,0.022082099691033363,0.02479720301926136,0.0,-0.282307505607605,0.004593167454004288,-0.02822374925017357,0.0,1.2670727968215942,-0.9985092282295227,-0.012081806547939777,0.0,-161.34085083007812,0.004223349504172802,0.004223349504172802,0.004223349504172802,0.004223349504172802
2,2.700000047683716,0.0108316820114851,-0.0748831182718277,0.0,-0.011070000939071178,0.0003954954445362091,0.08348660171031952,0.0,0.6525197625160217,-1.0007802248001099,0.0379919707775116,0.0,-112.864501953125,0.0032289873342961073,0.0032289873342961073,0.0032289873342961073,0.0032289873342961073
1,2.799999952316284,0.019994942471385002,-0.03784112632274628,0.0,-0.27454906702041626,0.005083300173282623,0.04720829054713249,0.0,1.2902828454971313,-0.9981030225753784,0.01005442626774311,0.0,-161.34146118164062,0.004189315717667341,0.004189315717667341,0.004189315717667341,0.004189315717667341
3,2.5,0.03576817363500595,-0.0515226311981678,0.0,-0.6410772204399109,0.010450037196278572,0.04778825119137764,0.0,2.0885677337646484,-0.9943365454673767,0.020783789455890656,0.0,136.9703369140625,-0.0014800793724134564,-0.0014800793724134564,-0.0014800793724134564,-0.0014800793724134564
3,2.5999999046325684,0.0346439927816391,-0.04340658709406853,0.0,-0.6369434595108032,0.011434847488999367,0.03680354356765747,0.0,2.130406379699707,-0.9947296380996704,-0.009565555490553379,0.0,136.97032165527344,-0.0016475480515509844,-0.0016475480515509844,-0.0016475480515509844,-0.0016475480515509844
2,2.799999952316284,0.01237151026725769,-0.019619880244135857,0.0,0.005191588308662176,-0.0012634508311748505,0.20533408224582672,0.0,0.7388636469841003,-1.000718355178833,-0.010680973529815674,0.0,-112.86495971679688,0.003527339780703187,0.003527339780703187,0.003527339780703187,0.003527339780703187
1,2.8999998569488525,0.030522478744387627,-0.017549384385347366,0.0,-0.2932642698287964,0.0007502492517232895,0.1462876796722412,0.0,1.27117121219635,-0.9955273866653442,-0.02779701165854931,0.0,-161.3417205810547,0.004323410801589489,0.004323410801589489,0.004323410801589489,0.004323410801589489
3,2.700000047683716,0.04582371562719345,-0.029291555285453796,0.0,-0.6522389054298401,0.007828304544091225,0.030126146972179413,0.0,2.089111566543579,-0.9932260513305664,-0.053337082266807556,0.0,136.96958923339844,-0.0013913412112742662,-0.0013913412112742662,-0.0013913412112742662,-0.0013913412112742662
2,2.8999998569488525,0.00923493318259716,0.048470936715602875,0.0,0.016807883977890015,0.0026119984686374664,-0.07625813782215118,0.0,0.7268164753913879,-1.0030523538589478,-0.05657035484910011,0.0,-112.86524963378906,0.0033847338054329157,0.0033847338054329157,0.0033847338054329157,0.0033847338054329157
2,3.0,0.015214383602142334,-0.05410265922546387,0.0,0.013576453551650047,0.0005214661359786987,-0.1103062778711319,0.0,0.7139685750007629,-1.0002551078796387,-0.036528680473566055,0.0,-112.86560821533203,0.0033462229184806347,0.0033462229184806347,0.0033462229184806347,0.0033462229184806347
3,2.799999952316284,0.03550219535827637,-0.002138932468369603,0.0,-0.6509817242622375,0.009461111389100552,-0.05684712901711464,0.0,2.094813108444214,-0.9943317174911499,0.021593600511550903,0.0,136.97032165527344,-0.001419670763425529,-0.001419670763425529,-0.001419670763425529,-0.001419670763425529
1,3.0,0.020964067429304123,0.023136436939239502,0.0,-0.2938639223575592,0.004377646371722221,-0.040562622249126434,0.0,1.2740378379821777,-0.9977371692657471,-0.0017971864435821772,0.0,-161.3413848876953,0.004332660231739283,0.004332660231739283,0.004332660231739283,0.004332660231739283
2,3.0999999046325684,0.01417301781475544,0.011143488809466362,0.0,0.0035297719296067953,-0.001607786864042282,0.023752130568027496,0.0,0.711216151714325,-0.9993299841880798,0.014197170734405518,0.0,-112.86536407470703,0.0034060049802064896,0.0034060049802064896,0.0034060049802064896,0.0034060049802064896
1,3.0999999046325684,0.0232875756919384,0.011707408353686333,0.0,-0.2773860692977905,0.008334938436746597,-0.18496015667915344,0.0,1.2963988780975342,-0.9992997050285339,0.04987240955233574,0.0,-161.3399658203125,0.004222535528242588,0.004222535528242588,0.004222535528242588,0.004222535528242588
3,2.8999998569488525,0.03543037548661232,0.04849865660071373,0.0,-0.6302460432052612,0.014832034707069397,-0.14738836884498596,0.0,2.084667205810547,-0.9955666065216064,0.020436279475688934,0.0,136.97352600097656,-0.001554987858980894,-0.001554987858980894,-0.001554987858980894,-0.001554987858980894
3,3.0,0.040282413363456726,-0.017438223585486412,0.0,-0.6294402480125427,0.012657207436859608,-0.014645549468696117,0.0,2.055128574371338,-0.9936457276344299,0.04037734493613243,0.0,136.97471618652344,-0.0014668009243905544,-0.0014668009243905544,-0.0014668009243905544,-0.0014668009243905544
2,3.1999998092651367,0.007615888025611639,0.031496044248342514,0.0,-0.01341202575713396,-0.0001752842217683792,-0.1269199252128601,0.0,0.7016498446464539,-1.0020791292190552,0.04831133037805557,0.0,-112.86419677734375,0.0034830861259251833,0.0034830861259251833,0.0034830861259251833,0.0034830861259251833
3,3.0999999046325684,0.03346075490117073,-0.035312142223119736,0.0,-0.6452666521072388,0.010911356657743454,0.06506320834159851,0.0,2.0799155235290527,-0.9952887296676636,-0.001063629169948399,0.0,136.97470092773438,-0.0014176584081724286,-0.0014176584081724286,-0.0014176584081724286,-0.0014176584081724286
1,3.1999998092651367,0.02572140470147133,-0.015736809000372887,0.0,-0.2745682895183563,0.0057290829718112946,-0.08256887644529343,0.0,1.2708407640457153,-0.9979052543640137,0.015112427994608879,0.0,-161.33982849121094,0.004162134137004614,0.004162134137004614,0.004162134137004614,0.004162134137004614
3,3.1999998092651367,0.036600761115550995,0.04801370948553085,0.0,-0.6401045322418213,0.00985692348331213,-0.08595704287290573,0.0,2.075220823287964,-0.9944376349449158,-0.017317654564976692,0.0,136.972900390625,-0.00144483195617795,-0.00144483195617795,-0.00144483195617795,-0.00144483195617795
1,3.299999952316284,0.018095631152391434,0.0248761884868145,0.0,-0.29114750027656555,0.004331724718213081,0.010205045342445374,0.0,1.2858939170837402,-0.9983063340187073,0.00937960110604763,0.0,-161.34095764160156,0.004326078109443188,0.004326078109443188,0.004326078109443188,0.004326078109443188
2,3.299999952316284,0.014639154076576233,0.023007972165942192,0.0,-0.023424100130796432,-0.00012776069343090057,0.025977954268455505,0.0,0.6788996458053589,-1.0007458925247192,0.002017601625993848,0.0,-112.86329650878906,0.0034461517352610826,0.0034461517352610826,0.0034461517352610826,0.0034461517352610826
3,3.299999952316284,0.0378899909555912,0.012760765850543976,0.0,-0.6314936876296997,0.010453879833221436,0.08103667199611664,0.0,2.0566914081573486,-0.9941542744636536,-0.02637074515223503,0.0,136.9722137451172,-0.0014555408852174878,-0.0014555408852174878,-0.0014555408852174878,-0.0014555408852174878
1,3.3999998569488525,0.023825153708457947,0.039951492100954056,0.0,-0.29183855652809143,0.003083806484937668,-0.05835234001278877,0.0,1.2759077548980713,-0.9970333576202393,0.03459254279732704,0.0,-161.34022521972656,0.004317972343415022,0.004317972343415022,0.004317972343415022,0.004317972343415022
3,3.3999998569488525,0.03366541117429733,0.0011370639549568295,0.0,-0.6187788844108582,0.012714922428131104,0.03547836095094681,0.0,2.075939655303955,-0.9962266087532043,0.019644832238554955,0.0,136.9733123779297,-0.0016201771795749664,-0.0016201771795749664,-0.0016201771795749664,-0.0016201771795749664
2,3.3999998569488525,0.010396730154752731,-0.05536823719739914,0.0,-0.01678157038986683,0.002865200862288475,0.08210837095975876,0.0,0.6959453821182251,-1.0018924474716187,0.01583154872059822,0.0,-112.86193084716797,0.0034801606088876724,0.0034801606088876724,0.0034801606088876724,0.0034801606088876724
2,3.5,0.008800212293863297,-0.04332687333226204,0.0,-0.01514489483088255,0.0007273461669683456,-0.044261910021305084,0.0,0.6948020458221436,-1.0013350248336792,0.0029497069772332907,0.0,-112.86189270019531,0.0034627453424036503,0.0034627453424036503,0.0034627453424036503,0.0034627453424036503
1,3.5,0.023020125925540924,0.025922928005456924,0.0,-0.2918231189250946,0.004719678312540054,0.09942478686571121,0.0,1.2827798128128052,-0.99803227186203,-0.006608224008232355,0.0,-161.34104919433594,0.004327481612563133,0.004327481612563133,0.004327481612563133,0.004327481612563133
2,3.5999999046325684,0.014997411519289017,-0.07290837168693542,0.0,-0.02772872895002365,-0.001195533201098442,0.015398181043565273,0.0,0.6844874024391174,-1.0003582239151,-0.021697336807847023,0.0,-112.86315155029297,0.0035044201649725437,0.0035044201649725437,0.0035044201649725437,0.0035044201649725437
1,3.5999999046325684,0.01845618709921837,-0.003729068674147129,0.0,-0.28602927923202515,0.0064390841871500015,0.022574272006750107,0.0,1.3075112104415894,-0.998747706413269,-0.01351082231849432,0.0,-161.3397216796875,0.0043126973323524,0.0043126973323524,0.0043126973323524,0.0043126973323524
3,3.5,0.03639070689678192,-0.02662251889705658,0.0,-0.6199791431427002,0.012730274349451065,-0.05574861913919449,0.0,2.0920169353485107,-0.9948067665100098,0.009769533760845661,0.0,136.972900390625,-0.001661955495364964,-0.001661955495364964,-0.001661955495364964,-0.001661955495364964
2,3.6999998092651367,0.012064202688634396,-0.008252067491412163,0.0,-0.025587018579244614,-0.0005756504833698273,0.017669357359409332,0.0,0.6693720817565918,-1.001255989074707,0.026531372219324112,0.0,-112.86260986328125,0.0034159354399889708,0.0034159354399889708,0.0034159354399889708,0.0034159354399889708
1,3.6999998092651367,0.02340988628566265,0.027585623785853386,0.0,-0.27123844623565674,0.005988061428070068,-0.09369552135467529,0.0,1.2946363687515259,-0.9981676340103149,-0.012274966575205326,0.0,-161.3390655517578,0.004167191684246063,0.004167191684246063,0.004167191684246063,0.004167191684246063
3,3.5999999046325684,0.037375885993242264,-0.027340875938534737,0.0,-0.6266995668411255,0.011576228775084019,0.019233090803027153,0.0,2.0941860675811768,-0.9946452975273132,-0.02407071925699711,0.0,136.9711456298828,-0.00161463872063905,-0.00161463872063905,-0.00161463872063905,-0.00161463872063905
3,3.6999998092651367,0.03612012416124344,0.011230604723095894,0.0,-0.6299220323562622,0.0108037693426013,0.04422258585691452,0.0,2.100207567214966,-0.9948292970657349,0.008272090926766396,0.0,136.971923828125,-0.0016076212050393224,-0.0016076212050393224,-0.0016076212050393224,-0.0016076212050393224
2,3.799999952316284,0.011509020812809467,0.016049616038799286,0.0,-0.023815663531422615,0.0004219803959131241,-0.015092017129063606,0.0,0.6682166457176208,-1.000481128692627,0.017523260787129402,0.0,-112.86305236816406,0.0033974619582295418,0.0033974619582295418,0.0033974619582295418,0.0033974619582295418
3,3.799999952316284,0.03655730187892914,0.04377874732017517,0.0,-0.622607946395874,0.01130424439907074,-0.03186327964067459,0.0,2.107059955596924,-0.9947607517242432,0.010779254138469696,0.0,136.97250366210938,-0.0016888284590095282,-0.0016888284590095282,-0.0016888284590095282,-0.0016888284590095282
2,3.8999998569488525,0.01236467994749546,-0.07036531716585159,0.0,-0.021319953724741936,0.00024146027863025665,0.034002453088760376,0.0,0.6420741081237793,-1.0013874769210815,-0.011131877079606056,0.0,-112.86216735839844,0.0032532091718167067,0.0032532091718167067,0.0032532091718167067,0.0032532091718167067
3,3.8999998569488525,0.03835218772292137,-0.005905070807784796,0.0,-0.6340965032577515,0.012158533558249474,-0.00038248029886744916,0.0,2.100446939468384,-0.9944331645965576,-0.01999961957335472,0.0,136.96971130371094,-0.0015748717123642564,-0.0015748717123642564,-0.0015748717123642564,-0.0015748717123642564
2,4.0,0.011112338863313198,0.0011629086220636964,0.0,-0.025460259988904,0.0006240662187337875,0.05846070498228073,0.0,0.6451195478439331,-1.0010334253311157,-0.01959099993109703,0.0,-112.86270904541016,0.003297986928373575,0.003297986928373575,0.003297986928373575,0.003297986928373575
1,3.799999952316284,0.023491207510232925,-0.037690840661525726,0.0,-0.2802172601222992,0.004722138866782188,0.018686026334762573,0.0,1.2868403196334839,-0.9983260035514832,0.0024976155254989862,0.0,-161.33946228027344,0.004233440384268761,0.004233440384268761,0.004233440384268761,0.004233440384268761
1,3.8999998569488525,0.021726533770561218,-0.030439777299761772,0.0,-0.2789720296859741,0.0040558744221925735,-0.006487999111413956,0.0,1.2977299690246582,-0.9974132180213928,0.06021765246987343,0.0,-161.339111328125,0.004238153342157602,0.004238153342157602,0.004238153342157602,0.004238153342157602
3,4.0,0.03498084843158722,-0.011593707837164402,0.0,-0.6348301768302917,0.01205279491841793,0.015190321952104568,0.0,2.101245880126953,-0.9954407811164856,0.012410188093781471,0.0,136.9713134765625,-0.001571204513311386,-0.001571204513311386,-0.001571204513311386,-0.001571204513311386
2,4.099999904632568,0.011194106191396713,0.0269626434892416,0.0,-0.03171953186392784,-0.00028206780552864075,-0.022206420078873634,0.0,0.6558291912078857,-1.0008856058120728,0.007592090405523777,0.0,-112.86305236816406,0.003395161358639598,0.003395161358639598,0.003395161358639598,0.003395161358639598
2,4.199999809265137,0.01190071739256382,0.04000795632600784,0.0,-0.03839296102523804,-0.0009066890925168991,-0.010075083933770657,0.0,0.6540432572364807,-1.000083565711975,0.009386844001710415,0.0,-112.86331176757812,0.0034350568894296885,0.0034350568894296885,0.0034350568894296885,0.0034350568894296885
1,4.0,0.0223400741815567,0.030566608533263206,0.0,-0.28461262583732605,0.004393486306071281,0.003472622949630022,0.0,1.2954802513122559,-0.9980618357658386,-0.002151916967704892,0.0,-161.34024047851562,0.004283434245735407,0.004283434245735407,0.004283434245735407,0.004283434245735407
3,4.099999904632568,0.03598540276288986,-0.0447908416390419,0.0,-0.6365951299667358,0.01244086492806673,-0.012286919169127941,0.0,2.102205514907837,-0.9939819574356079,-0.009386875666677952,0.0,136.97149658203125,-0.0015599188627675176,-0.0015599188627675176,-0.0015599188627675176,-0.0015599188627675176
1,4.099999904632568,0.02404661476612091,0.026361294090747833,0.0,-0.28251197934150696,0.00520922988653183,0.005579368676990271,0.0,1.3032139539718628,-0.9974747896194458,0.012748797424137592,0.0,-161.34056091308594,0.004276256076991558,0.004276256076991558,0.004276256076991558,0.004276256076991558
1,4.199999809265137,0.020231623202562332,-0.0394148975610733,0.0,-0.288887083530426,0.004153341054916382,0.004477269947528839,0.0,1.3019369840621948,-0.9976075291633606,-0.00388066447339952,0.0,-161.3417205810547,0.00432923249900341,0.00432923249900341,0.00432923249900341,0.00432923249900341
3,4.199999809265137,0.03830938786268234,-0.02027583308517933,0.0,-0.6311298608779907,0.010765441693365574,-0.028189055621623993,0.0,2.0924201011657715,-0.9942131042480469,0.0030819643288850784,0.0,136.97119140625,-0.0015730148879811168,-0.0015730148879811168,-0.0015730148879811168,-0.0015730148879811168
2,4.299999713897705,0.012622219510376453,0.01969655230641365,0.0,-0.027867848053574562,0.00036428868770599365,0.004289592150598764,0.0,0.6260973811149597,-1.0004785060882568,-0.03345175087451935,0.0,-112.86466979980469,0.0032236315310001373,0.0032236315310001373,0.0032236315310001373,0.0032236315310001373
1,4.299999713897705,0.022426266223192215,0.00018725008703768253,0.0,-0.29216933250427246,0.004151390865445137,-0.008467884734272957,0.0,1.274423599243164,-0.9981555342674255,-0.00847715139389038,0.0,-161.3421630859375,0.004318542312830687,0.004318542312830687,0.004318542312830687,0.004318542312830687
3,4.299999713897705,0.037405453622341156,0.013656414113938808,0.0,-0.6356667280197144,0.010653279721736908,0.0843292698264122,0.0,2.1167783737182617,-0.994515597820282,0.017106279730796814,0.0,136.97073364257812,-0.0016142245149239898,-0.0016142245149239898,-0.0016142245149239898,-0.0016142245149239898
2,4.400000095367432,0.010403254069387913,0.00761294225230813,0.0,-0.04964367672801018,0.00030168890953063965,0.04993976280093193,0.0,0.6410863399505615,-1.0023499727249146,-0.0583331324160099,0.0,-112.86620330810547,0.0034542311914265156,0.0034542311914265156,0.0034542311914265156,0.0034542311914265156
3,4.400000095367432,0.03669184073805809,0.030001945793628693,0.0,-0.6301718354225159,0.01111629605293274,-0.06055990234017372,0.0,2.108717441558838,-0.9939308762550354,0.06908112019300461,0.0,136.9715576171875,-0.0016328929923474789,-0.0016328929923474789,-0.0016328929923474789,-0.0016328929923474789
2,4.5,0.010487286373972893,0.0016721113352105021,0.0,-0.05961401388049126,0.0008535012602806091,0.01072902511805296,0.0,0.6379511952400208,-1.0010639429092407,-0.010872678831219673,0.0,-112.86689758300781,0.003511575749143958,0.003511575749143958,0.003511575749143958,0.003511575749143958
1,4.400000095367432,0.024284865707159042,-0.014501436613500118,0.0,-0.2892918586730957,0.004694271832704544,-0.02795187570154667,0.0,1.2689714431762695,-0.9968627095222473,0.004818296059966087,0.0,-161.3408966064453,0.0042861709371209145,0.0042861709371209145,0.0042861709371209145,0.0042861709371209145
3,4.5,0.037252020090818405,0.031665679067373276,0.0,-0.6229310631752014,0.011279406026005745,-0.020871413871645927,0.0,2.0933284759521484,-0.9945152401924133,-0.010356808081269264,0.0,136.9718017578125,-0.0016423759516328573,-0.0016423759516328573,-0.0016423759516328573,-0.0016423759516328573
2,4.599999904632568,0.011026553809642792,0.029202090576291084,0.0,-0.05261307582259178,0.0006799995899200439,0.02284703403711319,0.0,0.6384519934654236,-1.001240849494934,0.002422109479084611,0.0,-112.8670425415039,0.0034630801528692245,0.0034630801528692245,0.0034630801528692245,0.0034630801528692245
1,4.5,0.022185204550623894,-0.01981416903436184,0.0,-0.2664155662059784,0.00540674664080143,0.030519213527441025,0.0,1.2777268886566162,-0.9973023533821106,0.020804353058338165,0.0,-161.3385467529297,0.004101792350411415,0.004101792350411415,0.004101792350411415,0.004101792350411415
2,4.699999809265137,0.009982230141758919,0.026663586497306824,0.0,-0.049897968769073486,0.000717703253030777,0.017711667343974113,0.0,0.6485176086425781,-1.0011045932769775,-0.004152742680162191,0.0,-112.86727905273438,0.003491894109174609,0.003491894109174609,0.003491894109174609,0.003491894109174609
1,4.599999904632568,0.021678511053323746,-0.026864977553486824,0.0,-0.2718748450279236,0.004463426768779755,-0.004217255860567093,0.0,1.279151439666748,-0.9978885054588318,-0.057037994265556335,0.0,-161.33995056152344,0.00415068631991744,0.00415068631991744,0.00415068631991744,0.00415068631991744
3,4.599999904632568,0.035772524774074554,0.06259176880121231,0.0,-0.6110402941703796,0.01068738754838705,-0.005765674635767937,0.0,2.102370262145996,-0.9950428009033203,0.019311031326651573,0.0,136.9716339111328,-0.001767864334397018,-0.001767864334397018,-0.001767864334397018,-0.001767864334397018
2,4.799999713897705,0.011979436501860619,-0.04553172364830971,0.0,-0.05464351177215576,-0.0001067034900188446,0.023813623934984207,0.0,0.6573590636253357,-1.001225233078003,0.046325892210006714,0.0,-112.86483764648438,0.003569155465811491,0.003569155465811491,0.003569155465811491,0.003569155465811491
1,4.699999809265137,0.02246517688035965,-0.022899266332387924,0.0,-0.27549806237220764,0.0050529371947050095,0.018589649349451065,0.0,1.275030493736267,-0.9980595111846924,-0.015979357063770294,0.0,-161.33908081054688,0.004176134709268808,0.004176134709268808,0.004176134709268808,0.004176134709268808
3,4.699999809265137,0.036559924483299255,0.0070735919289290905,0.0,-0.6241940855979919,0.012012990191578865,-0.024617904797196388,0.0,2.091193675994873,-0.9945487380027771,-0.002633223310112953,0.0,136.97042846679688,-0.0016255165683105588,-0.0016255165683105588,-0.0016255165683105588,-0.0016255165683105588
2,4.900000095367432,0.011170602403581142,0.05718684941530228,0.0,-0.03839012607932091,0.0012596435844898224,0.0025386507622897625,0.0,0.6561867594718933,-1.0016754865646362,0.033693209290504456,0.0,-112.8642807006836,0.0034453398548066616,0.0034453398548066616,0.0034453398548066616,0.0034453398548066616
2,5.0,0.011917000636458397,0.06394509226083755,0.0,-0.019938770681619644,0.0009086243808269501,0.004137639421969652,0.0,0.638566792011261,-1.0016828775405884,0.02430643141269684,0.0,-112.86404418945312,0.0032261679880321026,0.0032261679880321026,0.0032261679880321026,0.0032261679880321026
1,4.799999713897705,0.020672371610999107,0.0005133231752552092,0.0,-0.2553042471408844,0.004274342209100723,0.003971495199948549,0.0,1.275432825088501,-0.9987674951553345,0.010833889245986938,0.0,-161.33688354492188,0.004003026057034731,0.004003026057034731,0.004003026057034731,0.004003026057034731
1,4.900000095367432,0.021711692214012146,-0.005273272283375263,0.0,-0.26594093441963196,0.003928696736693382,0.010612472891807556,0.0,1.2646015882492065,-0.9981300234794617,-0.022517532110214233,0.0,-161.33682250976562,0.0040792981162667274,0.0040792981162667274,0.0040792981162667274,0.0040792981162667274
3,4.799999713897705,0.03618581220507622,-0.02142276242375374,0.0,-0.6311970353126526,0.010482377372682095,0.03354545682668686,0.0,2.0985798835754395,-0.9943166375160217,0.03769157826900482,0.0,136.96885681152344,-0.0015925721963867545,-0.0015925721963867545,-0.0015925721963867545,-0.0015925721963867545
3,4.900000095367432,0.036171119660139084,0.002543460577726364,0.0,-0.6310589909553528,0.01054334919899702,0.0206673014909029,0.0,2.0984795093536377,-0.9948541522026062,0.009972849860787392,0.0,136.96807861328125,-0.0015935003757476807,-0.0015935003757476807,-0.0015935003757476807,-0.0015935003757476807
2,5.099999904632568,0.011373710818588734,0.006252911873161793,0.0,-0.022649703547358513,0.0004365891218185425,0.0388849638402462,0.0,0.6455711722373962,-1.001333475112915,0.03856896981596947,0.0,-112.86419677734375,0.0032796706072986126,0.0032796706072986126,0.0032796706072986126,0.0032796706072986126
1,5.0,0.021454323083162308,0.024254435673356056,0.0,-0.27070900797843933,0.004488736391067505,-0.013256027363240719,0.0,1.26359224319458,-0.9983059763908386,0.021699942648410797,0.0,-161.33738708496094,0.004118872806429863,0.004118872806429863,0.004118872806429863,0.004118872806429863
1,5.099999904632568,0.021569956094026566,0.015261492691934109,0.0,-0.2667553722858429,0.004278404638171196,-0.013134235516190529,0.0,1.2707524299621582,-0.9971638321876526,0.000858151470310986,0.0,-161.3376007080078,0.004094941075891256,0.004094941075891256,0.004094941075891256,0.004094941075891256
3,5.0,0.03568410128355026,0.02606157213449478,0.0,-0.6358274221420288,0.010648558847606182,-0.03616386651992798,0.0,2.106106758117676,-0.9947659373283386,0.037031471729278564,0.0,136.96798706054688,-0.0015792229678481817,-0.0015792229678481817,-0.0015792229678481817,-0.0015792229678481817
2,5.199999809265137,0.011584201827645302,0.023423144593834877,0.0,-0.04081582650542259,0.0010386873036623001,-0.028454747051000595,0.0,0.6424883604049683,-1.0010367631912231,-0.0016809592489153147,0.0,-112.86544036865234,0.0033968365751206875,0.0033968365751206875,0.0033968365751206875,0.0033968365751206875
2,5.299999713897705,0.010865588672459126,-0.026302123442292213,0.0,-0.03796769678592682,0.00011922232806682587,-0.04227616637945175,0.0,0.6526845693588257,-1.0008925199508667,0.006185161415487528,0.0,-112.86550903320312,0.0034253208432346582,0.0034253208432346582,0.0034253208432346582,0.0034253208432346582
1,5.199999809265137,0.021237336099147797,0.015751129016280174,0.0,-0.2564183473587036,0.004033869132399559,0.009014465846121311,0.0,1.2645736932754517,-0.9969809055328369,0.0017610442591831088,0.0,-161.33851623535156,0.0039971075020730495,0.0039971075020730495,0.0039971075020730495,0.0039971075020730495
3,5.099999904632568,0.03646717220544815,-0.061278361827135086,0.0,-0.6447976231575012,0.010474681854248047,0.040148667991161346,0.0,2.1102707386016846,-0.994994044303894,-0.001125985523685813,0.0,136.96864318847656,-0.00151962845120579,-0.00151962845120579,-0.00151962845120579,-0.00151962845120579
1,5.299999713897705,0.022111589089035988,-0.03441103175282478,0.0,-0.2414325773715973,0.004539819434285164,-0.02109953574836254,0.0,1.2731983661651611,-0.9973801970481873,0.02537551335990429,0.0,-161.33773803710938,0.0038803445640951395,0.0038803445640951395,0.0038803445640951395,0.0038803445640951395
3,5.199999809265137,0.035639286041259766,-0.03446989506483078,0.0,-0.6490986943244934,0.011630496010184288,0.009162765927612782,0.0,2.0812180042266846,-0.995311439037323,-0.030649183318018913,0.0,136.96676635742188,-0.001392033533193171,-0.001392033533193171,-0.001392033533193171,-0.001392033533193171
2,5.400000095367432,0.010950561612844467,-0.025055650621652603,0.0,-0.0391894206404686,0.0004356168210506439,0.0242190882563591,0.0,0.648717999458313,-1.0000828504562378,-0.02365727908909321,0.0,-112.8657455444336,0.0034150562714785337,0.0034150562714785337,0.0034150562714785337,0.0034150562714785337
3,5.299999713897705,0.03656179457902908,-0.02088111825287342,0.0,-0.6553452610969543,0.011934407986700535,0.07722919434309006,0.0,2.0904150009155273,-0.9950554370880127,-0.0028728279285132885,0.0,136.9665985107422,-0.0013707933248952031,-0.0013707933248952031,-0.0013707933248952031,-0.0013707933248952031
2,5.5,0.011438220739364624,-0.019051367416977882,0.0,-0.03797055408358574,-0.00029838457703590393,0.011889205314218998,0.0,0.642218291759491,-1.0010242462158203,-0.010163809172809124,0.0,-112.86530303955078,0.0033748503774404526,0.0033748503774404526,0.0033748503774404526,0.0033748503774404526
1,5.400000095367432,0.02093532122671604,-0.011901000514626503,0.0,-0.24509283900260925,0.004518942907452583,0.022170452401041985,0.0,1.2766066789627075,-0.9989333152770996,-0.013661789707839489,0.0,-161.33798217773438,0.003916659392416477,0.003916659392416477,0.003916659392416477,0.003916659392416477
2,5.599999904632568,0.011723319068551064,0.020384326577186584,0.0,-0.04074705392122269,0.0006454568356275558,0.032839857041835785,0.0,0.6342903971672058,-1.0014652013778687,0.04731964319944382,0.0,-112.86433410644531,0.003356823930516839,0.003356823930516839,0.003356823930516839,0.003356823930516839
3,5.400000095367432,0.03641707822680473,-0.025392677634954453,0.0,-0.6468148827552795,0.011693501845002174,0.011337456293404102,0.0,2.0919642448425293,-0.9940890669822693,0.0046599931083619595,0.0,136.967529296875,-0.0014448438305407763,-0.0014448438305407763,-0.0014448438305407763,-0.0014448438305407763
1,5.5,0.02267749235033989,-0.030101990327239037,0.0,-0.24425889551639557,0.005252242088317871,-0.00046088709495961666,0.0,1.2842038869857788,-0.9986268281936646,0.01792500540614128,0.0,-161.33741760253906,0.003920278046280146,0.003920278046280146,0.003920278046280146,0.003920278046280146
3,5.5,0.03589145839214325,-0.030308876186609268,0.0,-0.6621341109275818,0.010233075357973576,-0.007960394956171513,0.0,2.10528826713562,-0.9949163794517517,0.0013133235042914748,0.0,136.96641540527344,-0.0013633250491693616,-0.0013633250491693616,-0.0013633250491693616,-0.0013633250491693616
3,5.599999904632568,0.03665946424007416,0.03664836287498474,0.0,-0.6589593291282654,0.011261614970862865,-0.012195703573524952,0.0,2.0946717262268066,-0.9943093657493591,0.012431709095835686,0.0,136.96688842773438,-0.0013550337171182036,-0.0013550337171182036,-0.0013550337171182036,-0.0013550337171182036
2,5.699999809265137,0.010802810080349445,0.007185473572462797,0.0,-0.041386928409338,0.0008433591574430466,-0.0058073243126273155,0.0,0.6393296718597412,-1.0016021728515625,0.01286777388304472,0.0,-112.86476135253906,0.0033857745584100485,0.0033857745584100485,0.0033857745584100485,0.0033857745584100485
1,5.599999904632568,0.022267397493124008,-0.007799329701811075,0.0,-0.24522341787815094,0.004587428644299507,0.005766117013990879,0.0,1.2655104398727417,-0.9971520900726318,-0.02261943928897381,0.0,-161.33843994140625,0.00390204438008368,0.00390204438008368,0.00390204438008368,0.00390204438008368
2,5.799999713897705,0.010456748306751251,0.0770692527294159,0.0,-0.028550054877996445,0.0012783240526914597,-0.015525029972195625,0.0,0.6403484344482422,-1.001538634300232,0.010811830870807171,0.0,-112.864990234375,0.0032973417546600103,0.0032973417546600103,0.0032973417546600103,0.0032973417546600103
3,5.699999809265137,0.035113025456666946,0.03517969325184822,0.0,-0.6527782678604126,0.011447006836533546,-0.04617748409509659,0.0,2.09114670753479,-0.9945535063743591,0.0015773492632433772,0.0,136.9667205810547,-0.0013939536875113845,-0.0013939536875113845,-0.0013939536875113845,-0.0013939536875113845
1,5.699999809265137,0.022355087101459503,0.014718517661094666,0.0,-0.23667746782302856,0.004128985106945038,0.002051646588370204,0.0,1.2837743759155273,-0.9978260397911072,-0.0041612726636230946,0.0,-161.33920288085938,0.003854223061352968,0.003854223061352968,0.003854223061352968,0.003854223061352968
1,5.799999713897705,0.023037787526845932,-0.006560559384524822,0.0,-0.25086715817451477,0.004362354055047035,-0.00637030228972435,0.0,1.2811249494552612,-0.9984948635101318,-0.001046571065671742,0.0,-161.33987426757812,0.003972594626247883,0.003972594626247883,0.003972594626247883,0.003972594626247883
3,5.799999713897705,0.03575264662504196,-0.02104628086090088,0.0,-0.6454526782035828,0.01059328205883503,-0.015124090947210789,0.0,2.0851025581359863,-0.9945933222770691,0.020827725529670715,0.0,136.96817016601562,-0.0014338298933580518,-0.0014338298933580518,-0.0014338298933580518,-0.0014338298933580518
2,5.900000095367432,0.012310865335166454,0.05133052542805672,0.0,-0.02293800562620163,0.000338234007358551,-0.00018160065519623458,0.0,0.6404069662094116,-1.000915288925171,-0.006004508584737778,0.0,-112.86520385742188,0.00325680966489017,0.00325680966489017,0.00325680966489017,0.00325680966489017
3,5.900000095367432,0.03599711135029793,-0.03111179731786251,0.0,-0.6257323026657104,0.011328717693686485,0.015730055049061775,0.0,2.089625120162964,-0.9939621686935425,0.004067099187523127,0.0,136.9678192138672,-0.001608441467396915,-0.001608441467396915,-0.001608441467396915,-0.001608441467396915
2,6.0,0.011108241975307465,-0.031235571950674057,0.0,-0.027936970815062523,-0.00022641941905021667,-0.026407085359096527,0.0,0.634729266166687,-1.0010756254196167,-0.01973111741244793,0.0,-112.86479949951172,0.003265778999775648,0.003265778999775648,0.003265778999775648,0.003265778999775648
1,5.900000095367432,0.021870095282793045,-0.0034540053457021713,0.0,-0.27503859996795654,0.004599658772349358,0.03522718325257301,0.0,1.293411135673523,-0.997779369354248,0.010714450851082802,0.0,-161.33839416503906,0.004198242910206318,0.004198242910206318,0.004198242910206318,0.004198242910206318
1,6.0,0.022182708606123924,-0.0619889535009861,0.0,-0.271322637796402,0.004834916442632675,-0.013103535398840904,0.0,1.2779035568237305,-0.9973886609077454,0.0039794123731553555,0.0,-161.33840942382812,0.004144308622926474,0.004144308622926474,0.004144308622926474,0.004144308622926474
2,6.099999904632568,0.011337114498019218,0.03429779037833214,0.0,-0.04053312540054321,0.00025973282754421234,-0.03287935629487038,0.0,0.6317111253738403,-1.0011301040649414,-0.031812287867069244,0.0,-112.86500549316406,0.0033427972812205553,0.0033427972812205553,0.0033427972812205553,0.0033427972812205553
2,6.199999809265137,0.010865184478461742,-0.02813444286584854,0.0,-0.04679787904024124,0.0005271248519420624,-0.00011686165089486167,0.0,0.6281518340110779,-1.0003414154052734,-0.003644753945991397,0.0,-112.86630249023438,0.00337112694978714,0.00337112694978714,0.00337112694978714,0.00337112694978714
3,6.0,0.03625691309571266,0.017543410882353783,0.0,-0.6356732249259949,0.010947979055345058,-0.04131554067134857,0.0,2.0976340770721436,-0.9941288232803345,-0.005631404463201761,0.0,136.9667205810547,-0.0015535664279013872,-0.0015535664279013872,-0.0015535664279013872,-0.0015535664279013872
1,6.099999904632568,0.021280748769640923,-0.01632698066532612,0.0,-0.2693603038787842,0.004729852080345154,-0.02896134741604328,0.0,1.2710072994232178,-0.9981257319450378,-0.010442491620779037,0.0,-161.3384246826172,0.004117653239518404,0.004117653239518404,0.004117653239518404,0.004117653239518404
1,6.199999809265137,0.02228844352066517,0.0061156717129051685,0.0,-0.2701890766620636,0.004856294021010399,0.015575782395899296,0.0,1.2821310758590698,-0.9976658821105957,-0.012193568982183933,0.0,-161.33969116210938,0.004140408709645271,0.004140408709645271,0.004140408709645271,0.004140408709645271
3,6.099999904632568,0.03612013906240463,0.010192361660301685,0.0,-0.6275623440742493,0.01105966791510582,0.006938324309885502,0.0,2.1015563011169434,-0.9945434927940369,-0.05934123322367668,0.0,136.96400451660156,-0.0016324116149917245,-0.0016324116149917245,-0.0016324116149917245,-0.0016324116149917245
3,6.199999809265137,0.036379240453243256,-0.0012555585708469152,0.0,-0.6374423503875732,0.010710533708333969,-0.013945377431809902,0.0,2.103344678878784,-0.9945179224014282,0.0021211293060332537,0.0,136.9649658203125,-0.001557777519337833,-0.001557777519337833,-0.001557777519337833,-0.001557777519337833
2,6.299999713897705,0.010904878377914429,-0.03221697732806206,0.0,-0.02765733376145363,0.0005445461720228195,-0.00013066022074781358,0.0,0.6327491998672485,-1.0014190673828125,0.038546372205019,0.0,-112.86544799804688,0.003254166105762124,0.003254166105762124,0.003254166105762124,0.003254166105762124
1,6.299999713897705,0.02240932732820511,0.06811931729316711,0.0,-0.2447441816329956,0.003897281363606453,-0.01433299295604229,0.0,1.2722194194793701,-0.9985456466674805,0.0551273375749588,0.0,-161.33767700195312,0.003907478414475918,0.003907478414475918,0.003907478414475918,0.003907478414475918
3,6.299999713897705,0.03675079345703125,0.023772794753313065,0.0,-0.6335268020629883,0.011055044829845428,-0.0374688021838665,0.0,2.1034834384918213,-0.9955151677131653,-0.0026514094788581133,0.0,136.96572875976562,-0.001589879160746932,-0.001589879160746932,-0.001589879160746932,-0.001589879160746932
1,6.399999618530273,0.022493895143270493,-0.00787199754267931,0.0,-0.2511547803878784,0.004399843513965607,0.006713189650326967,0.0,1.277575969696045,-0.9974349737167358,-0.00023583017173223197,0.0,-161.33668518066406,0.003970348741859198,0.003970348741859198,0.003970348741859198,0.003970348741859198
3,6.399999618530273,0.036504559218883514,0.09781499952077866,0.0,-0.6287134885787964,0.011097859591245651,-0.09498719871044159,0.0,2.116823196411133,-0.9948713779449463,0.05066073313355446,0.0,136.96795654296875,-0.0016712743090465665,-0.0016712743090465665,-0.0016712743090465665,-0.0016712743090465665
2,6.399999618530273,0.01191239058971405,-0.04968290030956268,0.0,-0.02105899527668953,0.0006021074950695038,0.021953262388706207,0.0,0.6320512294769287,-1.0009961128234863,-0.012844320386648178,0.0,-112.86614227294922,0.0032027927227318287,0.0032027927227318287,0.0032027927227318287,0.0032027927227318287
3,6.5,0.03677697479724884,0.04923734813928604,0.0,-0.6273578405380249,0.010802196338772774,-0.0012175037991255522,0.0,2.118523597717285,-0.993870198726654,0.004810626152902842,0.0,136.9687042236328,-0.0016875992296263576,-0.0016875992296263576,-0.0016875992296263576,-0.0016875992296263576
1,6.5,0.021517494693398476,-0.0566629134118557,0.0,-0.2601679563522339,0.0035442784428596497,-0.004865079186856747,0.0,1.2968339920043945,-0.9979333281517029,-0.01444223616272211,0.0,-161.33737182617188,0.0040751369670033455,0.0040751369670033455,0.0040751369670033455,0.0040751369670033455
2,6.5,0.011718117631971836,-0.010320457629859447,0.0,-0.019715435802936554,0.0006608851253986359,0.026004265993833542,0.0,0.6294825077056885,-1.0002820491790771,0.04049214720726013,0.0,-112.8642349243164,0.0031807043123990297,0.0031807043123990297,0.0031807043123990297,0.0031807043123990297
2,6.599999904632568,0.011632179841399193,0.01088048703968525,0.0,-0.021490121260285378,0.0005115848034620285,-0.027064045891165733,0.0,0.6326261162757874,-1.000686764717102,0.037120673805475235,0.0,-112.86304473876953,0.0032088232692331076,0.0032088232692331076,0.0032088232692331076,0.0032088232692331076
1,6.599999904632568,0.022794868797063828,0.02261287532746792,0.0,-0.25500959157943726,0.00419534370303154,-0.028809435665607452,0.0,1.2859145402908325,-0.9988311529159546,0.0231579951941967,0.0,-161.33763122558594,0.004015246871858835,0.004015246871858835,0.004015246871858835,0.004015246871858835
2,6.699999809265137,0.011386200785636902,0.04601011425256729,0.0,-0.01364175882190466,-4.165619611740112e-05,-0.01868453621864319,0.0,0.6322771310806274,-1.0007734298706055,0.014443899504840374,0.0,-112.86238098144531,0.0031500987242907286,0.0031500987242907286,0.0031500987242907286,0.0031500987242907286
1,6.699999809265137,0.022840246558189392,-0.022961154580116272,0.0,-0.25603392720222473,0.0045458413660526276,-0.0022605168633162975,0.0,1.2781294584274292,-0.9969075322151184,0.010797600261867046,0.0,-161.33697509765625,0.004013116005808115,0.004013116005808115,0.004013116005808115,0.004013116005808115
3,6.599999904632568,0.035979531705379486,-0.0030273685697466135,0.0,-0.6298951506614685,0.011038179509341717,0.02085880935192108,0.0,2.111942768096924,-0.9942490458488464,-0.019566504284739494,0.0,136.96783447265625,-0.0016460840124636889,-0.0016460840124636889,-0.0016460840124636889,-0.0016460840124636889
