0.35999998450279236,0.08257368206977844,-0.48119404911994934,-0.8640674352645874,3.1362404823303223,2.2357864379882812,8.967406272888184
0.3700000047683716,0.10167695581912994,-0.5279144048690796,-0.8417165279388428,6.5940399169921875,-4.096214294433594,3.457808017730713
0.3799999952316284,0.10299833863973618,-0.5033011436462402,-0.8507627844810486,7.372939109802246,-1.4480180740356445,1.3803285360336304
0.38999998569488525,0.10390578210353851,-0.48851191997528076,-0.8463704586029053,6.291564464569092,-2.2278966903686523,-2.194431781768799
0.3999999761581421,0.11604776978492737,-0.5129714608192444,-0.8452416658401489,5.639891624450684,-3.7385895252227783,-4.147961139678955
0.4099999964237213,0.11937394738197327,-0.5331788063049316,-0.8560760617256165,7.748409748077393,-5.929782390594482,-4.65993595123291
0.41999998688697815,0.09395865350961685,-0.5514025092124939,-0.8511985540390015,11.119559288024902,-5.117981433868408,-5.967796325683594
0.429999977350235,0.08194351941347122,-0.542447030544281,-0.8504968881607056,10.3468017578125,-5.1247100830078125,-6.887381076812744
0.4399999976158142,0.0775805190205574,-0.523533821105957,-0.8475874066352844,8.288731575012207,-4.615353107452393,-5.673600673675537
0.44999998807907104,0.08191169798374176,-0.5206022262573242,-0.8459935188293457,10.11890697479248,-4.331199645996094,-5.661639213562012
0.4599999785423279,0.09473925828933716,-0.5303624868392944,-0.8386192321777344,12.242111206054688,-2.8847343921661377,-6.780081272125244
0.4699999988079071,0.10965117812156677,-0.5433662533760071,-0.8380276560783386,11.485221862792969,-4.994024753570557,-6.9880900382995605
0.47999998927116394,0.11169474571943283,-0.537423312664032,-0.8321239948272705,10.585877418518066,-5.544191837310791,-7.562078475952148
0.4899999797344208,0.10756562650203705,-0.5405847430229187,-0.8383198380470276,12.268386840820312,-4.487610340118408,-8.947528839111328
0.5,0.09326428920030594,-0.5450599193572998,-0.8317188620567322,11.928539276123047,-5.631545066833496,-10.195208549499512
0.5099999904632568,0.08300439268350601,-0.5467281937599182,-0.8269681930541992,9.986480712890625,-6.47215461730957,-11.29526424407959
0.5199999809265137,0.08439045399427414,-0.5496227145195007,-0.8269864916801453,9.100791931152344,-7.557812213897705,-11.332761764526367
0.5299999713897705,0.08565627783536911,-0.5447007417678833,-0.8253463506698608,8.911444664001465,-7.615097999572754,-11.924277305603027
0.5399999618530273,0.09921019524335861,-0.5490078926086426,-0.8244757056236267,8.877327919006348,-8.722391128540039,-13.525277137756348
0.550000011920929,0.11030130088329315,-0.5420475602149963,-0.8184764385223389,7.029002666473389,-10.232254981994629,-13.194778442382812
0.5600000023841858,0.10478339344263077,-0.532155454158783,-0.8193961381912231,6.494628429412842,-10.02629566192627,-13.142093658447266
0.5699999928474426,0.09898197650909424,-0.5335491895675659,-0.8309342861175537,6.07644510269165,-10.374032974243164,-13.882376670837402
0.5799999833106995,0.0989408865571022,-0.542502224445343,-0.8318350911140442,4.833223819732666,-13.259408950805664,-15.012768745422363
0.5899999737739563,0.09778624773025513,-0.536906361579895,-0.8260453343391418,3.674813985824585,-16.236459732055664,-15.722208023071289
0.5999999642372131,0.11656342446804047,-0.5459446907043457,-0.8274534940719604,1.0721580982208252,-19.41679573059082,-15.959322929382324
0.6100000143051147,0.11879795789718628,-0.5229190587997437,-0.8177628517150879,0.36828115582466125,-20.359790802001953,-14.690230369567871
0.6200000047683716,0.1077331155538559,-0.5371579527854919,-0.8174001574516296,2.250150203704834,-18.753767013549805,-14.848336219787598
0.6299999952316284,0.09892495721578598,-0.5504297018051147,-0.8303926587104797,-2.8602519035339355,-17.56884765625,-14.321446418762207
0.6399999856948853,0.08998695760965347,-0.5367062091827393,-0.84521484375,-4.190891742706299,-18.57244110107422,-12.59066390991211
0.6499999761581421,0.07282479852437973,-0.5263378024101257,-0.849422812461853,0.7106075882911682,-18.177196502685547,-12.206925392150879
0.6599999666213989,0.06865628063678741,-0.5275611281394958,-0.8514227867126465,0.6407034993171692,-18.543630599975586,-12.233026504516602
0.6699999570846558,0.07140635699033737,-0.5254995822906494,-0.844473123550415,-1.0635427236557007,-19.744787216186523,-10.424467086791992
0.6800000071525574,0.08068004995584488,-0.5312122106552124,-0.8548914790153503,-1.1624300479888916,-18.679147720336914,-9.713106155395508
0.6899999976158142,0.08061008900403976,-0.5335526466369629,-0.8623258471488953,-1.525590181350708,-18.75200843811035,-10.687383651733398
0.699999988079071,0.06122959777712822,-0.5322620272636414,-0.8572807908058167,-2.7447261810302734,-17.809476852416992,-13.390331268310547
0.7099999785423279,0.05634795501828194,-0.5339161157608032,-0.8568916916847229,-6.6761698722839355,-15.507671356201172,-15.434720993041992
0.7199999690055847,0.058675821870565414,-0.5207838416099548,-0.8519943356513977,-6.90715217590332,-14.671345710754395,-17.392362594604492
0.7299999594688416,0.07358291745185852,-0.5253773331642151,-0.8544747829437256,-4.135344982147217,-15.345279693603516,-17.087650299072266
0.7400000095367432,0.07246123999357224,-0.507554292678833,-0.849088728427887,-2.0653305053710938,-15.677275657653809,-14.301237106323242
0.75,0.0690535306930542,-0.5093498826026917,-0.8516502976417542,0.0002592924574855715,-11.699074745178223,-15.633426666259766
0.7599999904632568,0.07715298980474472,-0.5183324813842773,-0.8550769090652466,-0.1268969476222992,-11.766587257385254,-15.35097885131836
0.7699999809265137,0.0897817313671112,-0.5280901789665222,-0.8440813422203064,-1.9858872890472412,-13.845662117004395,-13.836028099060059
0.7799999713897705,0.12401694804430008,-0.5303120017051697,-0.8357336521148682,-1.6739031076431274,-14.932394981384277,-12.782767295837402
0.7899999618530273,0.12423260509967804,-0.5341445803642273,-0.8338054418563843,-0.4238725006580353,-14.766485214233398,-8.164068222045898
0.7999999523162842,0.07191117107868195,-0.5178968906402588,-0.8261999487876892,-2.922771453857422,-13.870086669921875,-5.661017417907715
0.8100000023841858,0.044647544622421265,-0.49673789739608765,-0.8402677774429321,-1.8796206712722778,-12.794283866882324,-7.11103630065918
0.8199999928474426,0.03288229927420616,-0.4922183156013489,-0.8528130650520325,-1.3746124505996704,-12.300042152404785,-4.468863010406494
0.8299999833106995,0.013578815385699272,-0.4754776656627655,-0.8612262606620789,-2.2982943058013916,-8.668458938598633,-1.9716507196426392
0.8399999737739563,0.02000241167843342,-0.4765464663505554,-0.8759030103683472,-1.9950647354125977,-2.1944527626037598,-0.21393239498138428
0.8499999642372131,0.049037668853998184,-0.4936540126800537,-0.8721802830696106,-1.5553277730941772,1.200041651725769,2.87074613571167
0.85999995470047,0.07209711521863937,-0.5110302567481995,-0.866936445236206,-1.8451451063156128,0.1961352378129959,3.6478378772735596
0.8700000047683716,0.08269113302230835,-0.5253758430480957,-0.855474054813385,-2.162672281265259,-1.438704013824463,2.078754425048828
0.8799999952316284,0.06529678404331207,-0.5230146646499634,-0.8644519448280334,-0.108934685587883,0.6340169310569763,2.3807199001312256
0.8899999856948853,0.028832709416747093,-0.5001584887504578,-0.8754015564918518,1.4684842824935913,2.526477098464966,4.107428073883057
0.8999999761581421,-0.0021303417161107063,-0.4795142114162445,-0.8661536574363708,2.2185921669006348,7.116568565368652,6.095771789550781
0.9099999666213989,0.0024985820055007935,-0.4874434173107147,-0.8753156661987305,2.0088770389556885,10.43063735961914,6.652690887451172
0.9199999570846558,0.0210411474108696,-0.517780601978302,-0.875490128993988,-0.6076371669769287,8.334548950195312,5.761840343475342
0.9300000071525574,0.02545665204524994,-0.5422665476799011,-0.8555212616920471,-1.1549092531204224,7.288609027862549,5.650430202484131
0.9399999976158142,0.02053365856409073,-0.5579491257667542,-0.8412365913391113,1.6405423879623413,7.812705993652344,6.819788932800293
0.949999988079071,0.025604166090488434,-0.5662235021591187,-0.8405757546424866,3.130364418029785,11.021241188049316,9.829163551330566
0.9599999785423279,0.029436908662319183,-0.5506938695907593,-0.83587646484375,2.248666286468506,11.709183692932129,10.696011543273926
0.9699999690055847,0.04166669026017189,-0.5232090353965759,-0.8230642080307007,1.150933027267456,12.757816314697266,10.000463485717773
0.9799999594688416,0.07236968725919724,-0.5007392168045044,-0.8345237374305725,-1.6257946491241455,14.931685447692871,9.801972389221191
0.9899999499320984,0.10539381206035614,-0.5098353624343872,-0.8627538084983826,-6.495222568511963,12.854216575622559,8.44156265258789
1.0,0.11212029308080673,-0.5228412747383118,-0.8632595539093018,-6.845909118652344,7.1879096031188965,7.645337104797363
1.0099999904632568,0.09832794219255447,-0.5161963105201721,-0.848996639251709,-2.7404470443725586,5.632639408111572,8.132600784301758
1.0199999809265137,0.08490380644798279,-0.4961901903152466,-0.8543999195098877,0.4472028911113739,5.312139511108398,9.40480899810791
1.0299999713897705,0.07510021328926086,-0.4740621745586395,-0.8568052053451538,0.26919519901275635,3.022568941116333,9.999947547912598
1.0399999618530273,0.07949178665876389,-0.46148136258125305,-0.8578511476516724,-0.763726532459259,2.0880801677703857,10.415024757385254
1.0499999523162842,0.08806174993515015,-0.46496421098709106,-0.8649808168411255,-0.29396018385887146,3.6507158279418945,11.02262020111084
1.059999942779541,0.08992268890142441,-0.476173460483551,-0.8716318011283875,-0.07151974737644196,3.2015879154205322,10.243824005126953
1.0699999332427979,0.08212350308895111,-0.4940519332885742,-0.8634794354438782,-0.09096305072307587,1.1206611394882202,9.1891508102417
1.0799999237060547,0.07281055301427841,-0.5076335072517395,-0.8592252135276794,0.2889947295188904,0.8188325762748718,8.615446090698242
1.090000033378601,0.05862145498394966,-0.5178346633911133,-0.8705967664718628,0.7673299908638,2.159527540206909,8.441080093383789
1.100000023841858,0.048832185566425323,-0.5195345878601074,-0.882646381855011,0.6032735705375671,3.5925140380859375,8.48030948638916
1.1100000143051147,0.04554755240678787,-0.5122618675231934,-0.8820815682411194,1.489397406578064,4.64493989944458,8.483579635620117
1.1200000047683716,0.04791469871997833,-0.5080427527427673,-0.8824056386947632,1.9144502878189087,5.347266674041748,8.463933944702148
1.1299999952316284,0.06223716214299202,-0.5047255754470825,-0.8814005851745605,1.1327670812606812,4.638400554656982,8.591880798339844
1.1399999856948853,0.0658700242638588,-0.504967451095581,-0.8770105242729187,0.42079707980155945,3.9934847354888916,8.840161323547363
1.149999976158142,0.06789354234933853,-0.5116330981254578,-0.8808497786521912,-0.21558310091495514,3.655583143234253,8.573760986328125
1.159999966621399,0.0641162246465683,-0.5167654752731323,-0.8725833892822266,0.23427115380764008,0.49228814244270325,8.833112716674805
1.1699999570846558,0.04781179875135422,-0.519884467124939,-0.8590719103813171,0.46428996324539185,0.7356210350990295,8.878011703491211
1.1799999475479126,0.04078948125243187,-0.5194425582885742,-0.854216456413269,0.45719632506370544,3.5545380115509033,8.867181777954102
1.1899999380111694,0.04649907723069191,-0.5172838568687439,-0.8485307097434998,0.054454874247312546,4.007913589477539,9.89232349395752
1.1999999284744263,0.046945907175540924,-0.5157297849655151,-0.8377393484115601,-0.11512498557567596,4.969089508056641,10.589188575744629
1.209999918937683,0.05312164127826691,-0.5194793939590454,-0.8408379554748535,-1.41036856174469,5.084860801696777,10.31857681274414
1.2200000286102295,0.06275612860918045,-0.5234690308570862,-0.8414647579193115,-2.989866018295288,4.189881801605225,10.283095359802246
1.2300000190734863,0.06859848648309708,-0.5186547040939331,-0.84206223487854,-3.054969549179077,3.2983434200286865,9.91903305053711
1.2400000095367432,0.07236728817224503,-0.5193039178848267,-0.8481234908103943,-3.7099900245666504,1.149681568145752,8.451992988586426
1.25,0.07025843858718872,-0.5179493427276611,-0.8448049426078796,-4.6288862228393555,-1.7152844667434692,8.629645347595215
1.2599999904632568,0.05532756447792053,-0.5128540992736816,-0.8432534337043762,-4.957369804382324,-0.3055312931537628,9.108037948608398
1.2699999809265137,0.04759298637509346,-0.5110486149787903,-0.8546448349952698,-3.5386321544647217,3.8634064197540283,10.138044357299805
1.2799999713897705,0.04705984890460968,-0.5071218609809875,-0.8603761196136475,-2.7649104595184326,2.917374849319458,11.201435089111328
1.2899999618530273,0.04136282950639725,-0.5077231526374817,-0.8534762859344482,-2.640352249145508,3.0247268676757812,11.162919998168945
1.2999999523162842,0.051524460315704346,-0.5116411447525024,-0.8698043823242188,-2.8405649662017822,4.099811553955078,11.350407600402832
1.309999942779541,0.05357162654399872,-0.5013073682785034,-0.8665726184844971,-2.3712410926818848,2.4677746295928955,12.799186706542969
1.3199999332427979,0.05353134870529175,-0.49264639616012573,-0.8682373762130737,-2.0013837814331055,4.738831043243408,12.569928169250488
1.3299999237060547,0.05072202906012535,-0.4882841408252716,-0.8683035373687744,-1.7754333019256592,4.627004623413086,11.363855361938477
1.3399999141693115,0.04539947584271431,-0.4972420930862427,-0.8728775978088379,-2.4371933937072754,5.299079418182373,9.850969314575195
1.350000023841858,0.042487360537052155,-0.5101137161254883,-0.8693689703941345,-3.7536745071411133,3.874493360519409,8.566010475158691
1.3600000143051147,0.046504754573106766,-0.5231237411499023,-0.8632197380065918,-3.6255815029144287,3.308349609375,8.350253105163574
1.3700000047683716,0.05058293417096138,-0.5299755334854126,-0.8637387156486511,-2.3335068225860596,3.247213125228882,8.916927337646484
1.3799999952316284,0.05618268996477127,-0.5306686758995056,-0.8639501929283142,-1.1211568117141724,3.3216607570648193,8.554519653320312
1.3899999856948853,0.06548851728439331,-0.5243262052536011,-0.8679593205451965,-0.4002593159675598,0.12843501567840576,8.39241886138916
1.399999976158142,0.05400572344660759,-0.5051418542861938,-0.8590127825737,-0.8037242293357849,-0.2882033884525299,7.96829891204834
1.409999966621399,0.04367663711309433,-0.49356651306152344,-0.8647415637969971,-0.01879812218248844,2.6692755222320557,8.699055671691895
1.4199999570846558,0.03687187656760216,-0.4866224527359009,-0.8671829104423523,-0.08538107573986053,3.259910821914673,8.109350204467773
1.4299999475479126,0.03224270045757294,-0.49115124344825745,-0.8583847880363464,-0.8357346057891846,3.8800487518310547,6.580948829650879
1.4399999380111694,0.040682580322027206,-0.5009216666221619,-0.863933265209198,0.30846863985061646,4.67896842956543,5.748244285583496
1.4499999284744263,0.05009724572300911,-0.505113422870636,-0.863288402557373,0.16608382761478424,1.7186458110809326,4.766910076141357
1.459999918937683,0.050195883959531784,-0.5030778646469116,-0.8558019399642944,-0.5461472272872925,0.0819462388753891,3.551173448562622
1.46999990940094,0.04339277371764183,-0.5035503506660461,-0.8601643443107605,0.15551523864269257,2.003988265991211,3.9912099838256836
1.4800000190734863,0.042173679918050766,-0.5012999773025513,-0.8709998726844788,0.6483186483383179,1.3058547973632812,4.649405002593994
1.4900000095367432,0.03354882821440697,-0.5012478232383728,-0.8622661828994751,0.007163439877331257,0.7128221392631531,4.913361072540283
1.5,0.03647175431251526,-0.5030629634857178,-0.8711345195770264,0.9052331447601318,2.8880977630615234,5.206034183502197
1.5099999904632568,0.034454673528671265,-0.501478374004364,-0.8744746446609497,2.0964174270629883,2.8031768798828125,5.214607238769531
1.5199999809265137,0.029329709708690643,-0.5015085935592651,-0.8654861450195312,1.9665921926498413,1.6250765323638916,4.29802131652832
1.5299999713897705,0.030998270958662033,-0.5035085082054138,-0.8663902282714844,2.3778254985809326,2.7024314403533936,3.797950506210327
1.5399999618530273,0.03667362406849861,-0.5002090930938721,-0.8653890490531921,2.4655327796936035,2.185023069381714,2.3049886226654053
1.5499999523162842,0.04497933015227318,-0.5009592175483704,-0.864800214767456,1.7838977575302124,2.2964582443237305,1.1371159553527832
1.559999942779541,0.05879248306155205,-0.5060271620750427,-0.8751211762428284,2.1924617290496826,1.905764102935791,1.2645869255065918
1.5699999332427979,0.05937039107084274,-0.50834059715271,-0.8639551997184753,1.0755162239074707,0.570404589176178,1.304744839668274
1.5799999237060547,0.05822326987981796,-0.5141398906707764,-0.8658943772315979,0.024369923397898674,0.7509030699729919,1.485097050666809
1.5899999141693115,0.046076126396656036,-0.5160160660743713,-0.8683098554611206,0.9623314142227173,1.1395691633224487,1.8000746965408325
1.5999999046325684,0.04219881445169449,-0.5136270523071289,-0.8700814247131348,1.7282464504241943,0.830066978931427,1.7301286458969116
1.6100000143051147,0.04025338590145111,-0.5080839395523071,-0.8645398020744324,1.9399141073226929,0.3964482545852661,2.0002410411834717
1.6200000047683716,0.037918854504823685,-0.5046341419219971,-0.8628653883934021,1.9552316665649414,0.9159058928489685,2.1108288764953613
1.6299999952316284,0.03475911542773247,-0.5015199184417725,-0.860869288444519,1.8502070903778076,0.977258026599884,1.9355443716049194
1.6399999856948853,0.032851822674274445,-0.505401611328125,-0.8608683347702026,2.1410703659057617,1.4544817209243774,1.1877660751342773
1.649999976158142,0.034257374703884125,-0.5073208212852478,-0.8573273420333862,1.606762170791626,0.7590163350105286,-0.2780580520629883
1.659999966621399,0.042764220386743546,-0.5150003433227539,-0.8550530076026917,1.5403014421463013,1.2970739603042603,-0.8665838837623596
1.6699999570846558,0.04978356510400772,-0.5228655338287354,-0.8539769649505615,2.0732879638671875,1.2258611917495728,-0.8173674941062927
1.6799999475479126,0.04925597086548805,-0.5234361886978149,-0.852382481098175,2.357973337173462,0.5894286036491394,-0.6832484602928162
1.6899999380111694,0.05015341937541962,-0.5222542881965637,-0.8542925119400024,2.6752097606658936,0.1682000756263733,-0.3094581067562103
1.6999999284744263,0.04568558931350708,-0.5155873894691467,-0.855363130569458,2.885803699493408,0.11923807114362717,-0.03049522452056408
1.709999918937683,0.04380575940012932,-0.5103858709335327,-0.8512617349624634,2.8855998516082764,0.20686686038970947,-0.03246273472905159
1.71999990940094,0.042546264827251434,-0.5093154907226562,-0.8475525379180908,2.740464210510254,1.3797508478164673,-0.04001801088452339
1.7300000190734863,0.04348873347043991,-0.5090663433074951,-0.8537811636924744,2.1046814918518066,0.7079508900642395,-0.28143370151519775
1.7400000095367432,0.04422347620129585,-0.5169457793235779,-0.8499298691749573,0.7210341691970825,0.38257840275764465,-0.48886922001838684
1.75,0.04440009593963623,-0.5172668695449829,-0.8489341139793396,1.0197596549987793,0.7378888726234436,-0.23727869987487793
1.7599999904632568,0.04607419669628143,-0.5207393765449524,-0.8527423143386841,1.1607532501220703,2.3459033966064453,-0.5195021033287048
1.7699999809265137,0.048349980264902115,-0.5173556208610535,-0.8540042638778687,1.5182658433914185,1.4347342252731323,-0.48478615283966064
1.7799999713897705,0.0544896237552166,-0.5164988040924072,-0.8506376147270203,1.0449227094650269,0.10199075937271118,-0.80025315284729
1.7899999618530273,0.05684282258152962,-0.5160907506942749,-0.852138340473175,0.639904797077179,-1.2626208066940308,-0.8358490467071533
1.7999999523162842,0.0497964583337307,-0.5145609974861145,-0.8543126583099365,0.8470320105552673,-0.5135868787765503,-0.4174153208732605
1.809999942779541,0.0488886833190918,-0.514715313911438,-0.8557512760162354,1.5159662961959839,1.1923409700393677,-0.19954198598861694
1.8199999332427979,0.0513206385076046,-0.5162333846092224,-0.8566078543663025,1.3628251552581787,-0.5286369919776917,-0.439248651266098
1.8299999237060547,0.052193935960531235,-0.5165411233901978,-0.854787290096283,1.3189324140548706,0.4392866790294647,0.1339198797941208
1.8399999141693115,0.049939293414354324,-0.5132622122764587,-0.8575614094734192,1.776292324066162,1.6925363540649414,0.29394492506980896
1.8499999046325684,0.05258558318018913,-0.5112647414207458,-0.8615407943725586,2.1668872833251953,1.2298651933670044,0.4581685960292816
1.8600000143051147,0.053881820291280746,-0.5111685395240784,-0.8585196733474731,2.207080364227295,0.3138468265533447,0.23358657956123352
1.8700000047683716,0.05665624886751175,-0.5118154883384705,-0.853262186050415,1.9998457431793213,0.14953233301639557,-0.3203892409801483
1.8799999952316284,0.06338388472795486,-0.5136436223983765,-0.8550546169281006,2.104435682296753,0.35197627544403076,-0.16851535439491272
1.8899999856948853,0.056918490678071976,-0.5130530595779419,-0.8520188927650452,1.9585230350494385,0.9355913996696472,0.047011565417051315
1.899999976158142,0.052839748561382294,-0.5180038213729858,-0.8510532379150391,1.7348411083221436,-0.10870461910963058,-0.41709402203559875
1.909999966621399,0.047958988696336746,-0.5195054411888123,-0.8506900668144226,0.8847517967224121,-0.5200859308242798,-0.6274436116218567
1.9199999570846558,0.055738843977451324,-0.5202128887176514,-0.8618507385253906,0.6413222551345825,-0.10251869261264801,-1.264111876487732
1.9299999475479126,0.06362342834472656,-0.5231912136077881,-0.851284384727478,1.292797565460205,-1.1767282485961914,-2.1201868057250977
1.9399999380111694,0.06603993475437164,-0.5250632762908936,-0.8490773439407349,0.810170590877533,0.17402702569961548,-2.198617696762085
1.9499999284744263,0.06516873091459274,-0.5231660604476929,-0.8495731949806213,0.737247109413147,-0.04832683131098747,-1.9656401872634888
1.959999918937683,0.052795544266700745,-0.5195654630661011,-0.8429114818572998,1.8869835138320923,-0.6779988408088684,-1.2450084686279297
1.96999990940094,0.043371833860874176,-0.5155554413795471,-0.8417354226112366,2.1111268997192383,-0.2166023850440979,-0.6803770661354065
1.9799998998641968,0.04052316024899483,-0.5062502026557922,-0.8410486578941345,1.178977131843567,0.7697867155075073,-0.16949807107448578
1.9900000095367432,0.04815245419740677,-0.5031301379203796,-0.8482630252838135,-0.12216515839099884,2.806112051010132,-0.34333062171936035
2.0,0.05184468254446983,-0.5066412091255188,-0.8540429472923279,-1.3461037874221802,3.2245864868164062,-0.7088221311569214
2.009999990463257,0.06361940503120422,-0.5158625841140747,-0.8625755906105042,-1.8559943437576294,2.933034658432007,-1.1872453689575195
2.0199999809265137,0.07041104137897491,-0.5273609757423401,-0.862337052822113,-1.7703312635421753,0.7557040452957153,-2.0658462047576904
2.0299999713897705,0.07477592676877975,-0.5308254957199097,-0.8618732690811157,-0.5722695589065552,-1.6703894138336182,-2.1446070671081543
2.0399999618530273,0.06565778702497482,-0.5308029055595398,-0.8586210608482361,0.7156301736831665,-1.1677343845367432,-1.310791015625
2.049999952316284,0.05413476750254631,-0.5241005420684814,-0.8615748286247253,1.0089961290359497,-0.8932082056999207,-0.5152708292007446
2.059999942779541,0.045501407235860825,-0.5178305506706238,-0.8575599789619446,0.243312805891037,-0.29874446988105774,-0.5391610264778137
2.069999933242798,0.04901372641324997,-0.5167638659477234,-0.8587933778762817,0.06929663568735123,0.0038753075059503317,-0.9815308451652527
2.0799999237060547,0.05408114939928055,-0.5196564793586731,-0.8581885099411011,0.6002575755119324,0.41883423924446106,-0.8557924032211304
2.0899999141693115,0.05751001834869385,-0.5198644399642944,-0.8558071255683899,0.6817258596420288,1.5337110757827759,-0.4094671905040741
2.0999999046325684,0.060243308544158936,-0.5204998850822449,-0.8549627661705017,0.5840751528739929,2.144587993621826,0.2946160137653351
2.109999895095825,0.06394151598215103,-0.5229347944259644,-0.8540454506874084,0.4462940990924835,1.6172360181808472,-0.007028063293546438
2.119999885559082,0.06291674822568893,-0.5210914611816406,-0.8474820852279663,0.8639716506004333,1.308908224105835,-0.7907618880271912
2.129999876022339,0.06420955806970596,-0.5211368799209595,-0.8506742715835571,0.7970074415206909,1.7556976079940796,-1.3072881698608398
2.1399998664855957,0.06468655169010162,-0.513902485370636,-0.8470520973205566,1.1409553289413452,-0.19797220826148987,-1.4238793849945068
2.1499998569488525,0.059679705649614334,-0.5105537176132202,-0.8402473330497742,0.8533737659454346,0.7605310678482056,-1.35537850856781
2.1599998474121094,0.06445883959531784,-0.508640468120575,-0.8583132028579712,-0.43468406796455383,2.276162624359131,-0.940590500831604
2.169999837875366,0.06070008501410484,-0.5138156414031982,-0.847430408000946,-0.5801371335983276,1.5851843357086182,-0.4516185522079468
2.180000066757202,0.0562131293118,-0.5126500129699707,-0.8504271507263184,-0.7689746618270874,4.028479099273682,0.01976497657597065
2.190000057220459,0.059280876070261,-0.5076968669891357,-0.8568145036697388,-0.04371468350291252,4.756766319274902,0.18915441632270813
2.200000047683716,0.06801969558000565,-0.5049120783805847,-0.8605949282646179,0.7309064865112305,4.704888343811035,-0.7959312796592712
2.2100000381469727,0.07274027913808823,-0.5002145767211914,-0.8555694222450256,1.53334379196167,4.134427070617676,-0.8953162431716919
2.2200000286102295,0.07297908514738083,-0.49716830253601074,-0.8578839898109436,1.0870763063430786,5.524891376495361,-1.0623997449874878
2.2300000190734863,0.0786280706524849,-0.5059927105903625,-0.8646636009216309,0.27091068029403687,4.661825656890869,-1.0006165504455566
2.240000009536743,0.08063563704490662,-0.5130341649055481,-0.858530580997467,0.29146113991737366,3.470127820968628,-0.9740206003189087
2.25,0.08855678141117096,-0.5210450291633606,-0.861838161945343,0.8047147393226624,5.162356376647949,-1.174088716506958
2.259999990463257,0.09252821654081345,-0.5194047689437866,-0.8629618287086487,1.8873201608657837,3.435624361038208,-0.5680792331695557
2.2699999809265137,0.08909079432487488,-0.5151779651641846,-0.8657128214836121,2.6918694972991943,4.292123794555664,0.5069791674613953
2.2799999713897705,0.08769252151250839,-0.5120586156845093,-0.8627052307128906,2.8611249923706055,4.03594970703125,1.4029836654663086
2.2899999618530273,0.08860016614198685,-0.5110986828804016,-0.8603300452232361,2.4570395946502686,5.52880334854126,2.2998604774475098
2.299999952316284,0.09630140662193298,-0.5149839520454407,-0.8574610352516174,2.878660202026367,4.47538948059082,3.0541162490844727
2.309999942779541,0.1020176112651825,-0.5187614560127258,-0.8531357049942017,3.3202102184295654,4.036104202270508,3.444669008255005
2.319999933242798,0.10869356989860535,-0.5207054018974304,-0.8571231961250305,3.477956771850586,3.3155412673950195,3.844121217727661
2.3299999237060547,0.1079731360077858,-0.518834114074707,-0.8504969477653503,3.605341672897339,2.515193462371826,3.756035804748535
2.3399999141693115,0.10507054626941681,-0.5152246356010437,-0.8509811758995056,3.772981643676758,3.492192029953003,4.501938819885254
2.3499999046325684,0.09770514816045761,-0.5127606987953186,-0.8488377928733826,3.4907407760620117,2.615950107574463,4.506709575653076
2.359999895095825,0.09773485362529755,-0.513270914554596,-0.8492482900619507,3.1643104553222656,3.4509921073913574,4.9280571937561035
2.369999885559082,0.103646419942379,-0.5119990706443787,-0.8488836884498596,3.391145706176758,3.447382688522339,5.3457417488098145
2.379999876022339,0.1144186481833458,-0.5156455636024475,-0.8448086380958557,3.3369269371032715,3.6732354164123535,5.376129627227783
2.3899998664855957,0.1261598914861679,-0.5168782472610474,-0.8436422348022461,3.43353009223938,2.7704498767852783,6.584588050842285
2.3999998569488525,0.1264324188232422,-0.5167954564094543,-0.8432126045227051,2.802640676498413,0.6872526407241821,6.217473983764648
2.4099998474121094,0.11958813667297363,-0.5188784003257751,-0.8401651978492737,3.3146798610687256,0.6706206202507019,6.562915325164795
2.419999837875366,0.1190832108259201,-0.5151886940002441,-0.8388419151306152,5.2056050300598145,1.0258063077926636,7.569427967071533
2.429999828338623,0.12782621383666992,-0.527283787727356,-0.8398914933204651,3.767366647720337,-1.0947293043136597,6.196300983428955
2.440000057220459,0.1289578676223755,-0.54426509141922,-0.8465617895126343,2.0885956287384033,-3.016101360321045,5.695181369781494
2.450000047683716,0.10838118195533752,-0.5601234436035156,-0.8520969748497009,0.13725630939006805,-5.356028079986572,4.139301776885986
2.4600000381469727,0.07327722012996674,-0.5648409724235535,-0.8578200936317444,1.6524652242660522,-5.576203346252441,2.0496530532836914
2.4700000286102295,0.060070235282182693,-0.5641239285469055,-0.8586116433143616,3.4566855430603027,-5.857998847961426,-2.209496259689331
2.4800000190734863,0.08184216916561127,-0.5635063052177429,-0.8583868145942688,3.421119451522827,-3.600243330001831,-6.24671745300293
2.490000009536743,0.11970148980617523,-0.5564494729042053,-0.8534064292907715,4.5156426429748535,1.243283748626709,-8.446345329284668
2.5,0.1653342992067337,-0.5689381957054138,-0.845314085483551,4.941969394683838,5.6793718338012695,-11.260244369506836
2.509999990463257,0.17992354929447174,-0.5762050151824951,-0.8478130102157593,3.139979600906372,6.58665132522583,-14.324310302734375
2.5199999809265137,0.1519385427236557,-0.5654463171958923,-0.8484298586845398,2.580723285675049,5.715106010437012,-16.78265380859375
2.5299999713897705,0.12491832673549652,-0.5566467046737671,-0.8559485077857971,3.2236995697021484,5.805929660797119,-18.836393356323242
2.5399999618530273,0.10461527109146118,-0.5413152575492859,-0.8671156764030457,1.8002331256866455,3.796876907348633,-21.680980682373047
2.549999952316284,0.09281642735004425,-0.5312349796295166,-0.8794987201690674,0.418212354183197,1.5372154712677002,-26.776004791259766
2.559999942779541,0.07963474094867706,-0.523621678352356,-0.8781712055206299,3.831667900085449,3.2406504154205322,-32.44081115722656
2.569999933242798,0.0637265220284462,-0.529596745967865,-0.8611500859260559,7.217029571533203,8.790021896362305,-36.32080078125
2.5799999237060547,0.05520859733223915,-0.539269745349884,-0.860065758228302,8.755205154418945,15.933597564697266,-37.28219223022461
2.5899999141693115,0.06853867322206497,-0.5587778091430664,-0.8534916043281555,8.567492485046387,17.480926513671875,-38.434356689453125
2.5999999046325684,0.09284059703350067,-0.5793949961662292,-0.8437719941139221,7.036620140075684,20.304061889648438,-38.938533782958984
2.609999895095825,0.12303314357995987,-0.603173553943634,-0.8340000510215759,6.558310031890869,18.31003189086914,-40.34071350097656
2.619999885559082,0.12543340027332306,-0.5958108901977539,-0.8313710689544678,8.440875053405762,14.974176406860352,-41.06970977783203
2.629999876022339,0.10394341498613358,-0.5863919854164124,-0.835684597492218,7.944960594177246,11.47071647644043,-40.374454498291016
2.6399998664855957,0.06020432338118553,-0.5481410622596741,-0.8433215022087097,6.528932094573975,8.394840240478516,-40.20503616333008
2.6499998569488525,0.03475745767354965,-0.527335524559021,-0.8623537421226501,4.396015167236328,6.63511323928833,-39.796390533447266
2.6599998474121094,0.016154391691088676,-0.5073045492172241,-0.8602586388587952,3.3117547035217285,4.611135005950928,-39.30390548706055
2.669999837875366,0.01364181935787201,-0.49529027938842773,-0.8636004328727722,4.2171149253845215,6.679293632507324,-37.95973587036133
2.679999828338623,0.01858406327664852,-0.491199791431427,-0.8679967522621155,4.319230079650879,6.742100715637207,-35.7938117980957
2.690000057220459,0.013346249237656593,-0.49494844675064087,-0.8583868741989136,5.1054582595825195,8.447061538696289,-34.877540588378906
2.700000047683716,0.021434850990772247,-0.5000002384185791,-0.8549416661262512,6.670779705047607,8.204963684082031,-33.172698974609375
2.7100000381469727,0.03298749402165413,-0.5083971619606018,-0.8468934297561646,7.95414924621582,7.655640125274658,-31.633243560791016
2.7200000286102295,0.047467298805713654,-0.5084753036499023,-0.8372210264205933,8.800725936889648,7.499155521392822,-30.93797492980957
2.7300000190734863,0.0521315298974514,-0.4926074147224426,-0.8274255990982056,8.8200101852417,5.340471267700195,-28.80880355834961
2.740000009536743,0.05849911645054817,-0.47665438055992126,-0.8308003544807434,8.116205215454102,6.135926723480225,-27.9809627532959
2.75,0.0663931667804718,-0.4710817039012909,-0.8263455629348755,7.031402111053467,4.833566665649414,-25.87849235534668
2.759999990463257,0.07962117344141006,-0.4785388112068176,-0.8242288827896118,5.970572471618652,5.511290550231934,-23.138790130615234
2.7699999809265137,0.09393711388111115,-0.4753047823905945,-0.821856677532196,6.013319492340088,2.474646806716919,-19.608707427978516
2.7799999713897705,0.10346317291259766,-0.47823092341423035,-0.8242789506912231,6.091902732849121,3.164016008377075,-17.036989212036133
2.7899999618530273,0.12758144736289978,-0.4895872473716736,-0.8380000591278076,6.00247859954834,2.3424248695373535,-15.04179859161377
2.799999952316284,0.13202442228794098,-0.4900254011154175,-0.8311471939086914,6.146919250488281,0.29142501950263977,-11.272500991821289
2.809999942779541,0.12636643648147583,-0.48067599534988403,-0.8285830020904541,7.111987590789795,-1.1218516826629639,-7.944656848907471
2.819999933242798,0.12073700875043869,-0.4678012728691101,-0.8352599143981934,7.143120765686035,-2.4242119789123535,-5.4501471519470215
2.8299999237060547,0.12382247298955917,-0.4577997326850891,-0.839917004108429,7.3321943283081055,-3.22238826751709,-2.880974054336548
2.8399999141693115,0.12599745392799377,-0.45099693536758423,-0.8420230150222778,7.675687313079834,-2.310744047164917,-0.19425636529922485
2.8499999046325684,0.12348510324954987,-0.448056161403656,-0.835189938545227,9.207452774047852,-1.232962727546692,2.722736358642578
2.859999895095825,0.1244032084941864,-0.4578443467617035,-0.8336459994316101,10.632575988769531,-0.9357377886772156,5.833099842071533
2.869999885559082,0.11859145015478134,-0.46525508165359497,-0.8360157608985901,10.323389053344727,-2.0747852325439453,8.536861419677734
2.879999876022339,0.12185119092464447,-0.4840295910835266,-0.830342173576355,11.564209938049316,-2.003972291946411,10.604830741882324
2.8899998664855957,0.11896055936813354,-0.4930729866027832,-0.8341482877731323,11.385326385498047,-1.5545473098754883,14.076062202453613
2.8999998569488525,0.10855238884687424,-0.5017108917236328,-0.8381545543670654,10.86490535736084,-1.8320785760879517,16.360204696655273
2.9099998474121094,0.10262678563594818,-0.5108338594436646,-0.8305913805961609,8.193236351013184,-4.01414680480957,19.143842697143555
2.919999837875366,0.10963663458824158,-0.5171112418174744,-0.8392392992973328,5.947057247161865,-8.787678718566895,20.95018196105957
2.929999828338623,0.11050430685281754,-0.5334581136703491,-0.8474443554878235,4.817038059234619,-10.684154510498047,20.67083740234375
2.93999981880188,0.10400190204381943,-0.5429202914237976,-0.8542900681495667,4.232321739196777,-10.072772979736328,20.330175399780273
2.950000047683716,0.09446807205677032,-0.5444297790527344,-0.8483144640922546,4.121237277984619,-7.329068660736084,20.07717514038086
2.9600000381469727,0.09700556844472885,-0.5395394563674927,-0.84511798620224,3.823458671569824,-4.064206600189209,20.566057205200195
2.9700000286102295,0.11312533915042877,-0.5418692231178284,-0.8506930470466614,2.5610811710357666,2.186548948287964,22.50038719177246
2.9800000190734863,0.11867648363113403,-0.556228756904602,-0.8554432392120361,1.2004419565200806,4.332891464233398,22.901662826538086
2.990000009536743,0.11730168014764786,-0.5622185468673706,-0.8679810166358948,-0.14595367014408112,7.152784824371338,23.480012893676758
3.0,0.11758507788181305,-0.5717378258705139,-0.8808284401893616,-2.700178384780884,6.465816974639893,23.0989933013916
3.009999990463257,0.10825657844543457,-0.5699829459190369,-0.883065938949585,-3.352224826812744,7.912283420562744,22.180620193481445
3.0199999809265137,0.10105942189693451,-0.5668055415153503,-0.8837012648582458,-2.006563425064087,10.997288703918457,18.46198272705078
3.0299999713897705,0.0942361056804657,-0.5613210797309875,-0.8768107295036316,-0.5101071000099182,13.042194366455078,15.901935577392578
3.0399999618530273,0.09252601116895676,-0.5444462895393372,-0.8634496927261353,0.7110151648521423,12.576508522033691,14.817177772521973
3.049999952316284,0.10274086147546768,-0.535099446773529,-0.8562580347061157,1.6119284629821777,14.941022872924805,16.521934509277344
3.059999942779541,0.14214107394218445,-0.5470077395439148,-0.8427248597145081,0.3346376419067383,13.90493392944336,16.521852493286133
3.069999933242798,0.1729706972837448,-0.5722801685333252,-0.8273022770881653,-2.1546623706817627,13.313231468200684,14.984026908874512
3.0799999237060547,0.19036176800727844,-0.5929209589958191,-0.8177624940872192,1.810847520828247,13.725643157958984,11.284165382385254
3.0899999141693115,0.2034730762243271,-0.590369701385498,-0.8123103380203247,4.3638200759887695,14.3584623336792,8.326592445373535
3.0999999046325684,0.20679976046085358,-0.5691643953323364,-0.810612678527832,6.433446407318115,16.705280303955078,8.744656562805176
3.109999895095825,0.20670148730278015,-0.5403943657875061,-0.8038679957389832,6.633745193481445,16.955303192138672,11.692346572875977
3.119999885559082,0.2106800526380539,-0.5298036932945251,-0.7964817881584167,4.493622779846191,16.98525619506836,12.358097076416016
3.129999876022339,0.2083510160446167,-0.5375874042510986,-0.7882567048072815,2.329230546951294,15.905391693115234,10.461084365844727
3.1399998664855957,0.21508079767227173,-0.5494769811630249,-0.7882428765296936,2.146955728530884,15.653935432434082,9.226887702941895
3.1499998569488525,0.2263612300157547,-0.5455383658409119,-0.7871402502059937,3.8061695098876953,13.312323570251465,9.22946834564209
3.1599998474121094,0.2274063527584076,-0.5346824526786804,-0.7839276194572449,4.105225563049316,9.575178146362305,8.733704566955566
3.169999837875366,0.21981289982795715,-0.5413851141929626,-0.7751436829566956,2.9397192001342773,8.621685028076172,6.475057601928711
3.179999828338623,0.22846825420856476,-0.5458249449729919,-0.788844883441925,1.230737328529358,6.940539836883545,5.391777038574219
3.18999981880188,0.21634787321090698,-0.5567090511322021,-0.7869577407836914,0.5452050566673279,4.034619331359863,5.358397006988525
3.1999998092651367,0.19633331894874573,-0.5709673762321472,-0.7938441634178162,0.3977213501930237,7.447833061218262,5.020738124847412
3.2100000381469727,0.1883062720298767,-0.5661622285842896,-0.8045402765274048,1.2474408149719238,6.73722505569458,7.284679889678955
3.2200000286102295,0.17748244106769562,-0.5544825196266174,-0.8016238212585449,3.562250852584839,8.373997688293457,8.24105167388916
3.2300000190734863,0.1929865926504135,-0.5480275750160217,-0.8162584900856018,4.829490661621094,9.961376190185547,9.085650444030762
3.240000009536743,0.20453320443630219,-0.5504565238952637,-0.8069401383399963,5.503400802612305,10.220855712890625,9.17861270904541
3.25,0.2259816825389862,-0.5661632418632507,-0.8140721321105957,5.457085132598877,10.76839828491211,10.093483924865723
3.259999990463257,0.2227831929922104,-0.5684018731117249,-0.8026143908500671,4.927369117736816,7.664046287536621,10.51778507232666
3.2699999809265137,0.22432157397270203,-0.5832268595695496,-0.7888273000717163,5.341970920562744,6.754620552062988,10.184737205505371
3.2799999713897705,0.210983008146286,-0.5855293869972229,-0.7908337116241455,5.487029552459717,7.461304664611816,9.730387687683105
3.2899999618530273,0.20136697590351105,-0.571404218673706,-0.7965461611747742,5.649051666259766,8.518558502197266,9.26800537109375
3.299999952316284,0.20559366047382355,-0.560241162776947,-0.7963557839393616,5.912573337554932,8.645015716552734,9.542545318603516
3.309999942779541,0.21828830242156982,-0.5547380447387695,-0.796541154384613,6.331138610839844,9.828292846679688,10.036727905273438
3.319999933242798,0.22590473294258118,-0.5603305101394653,-0.7970703840255737,5.971679210662842,9.576629638671875,10.482800483703613
3.3299999237060547,0.2278313934803009,-0.5705875158309937,-0.7969058752059937,5.5809478759765625,10.020864486694336,10.336478233337402
3.3399999141693115,0.2334734946489334,-0.5776656866073608,-0.7933468818664551,6.46924352645874,9.062616348266602,10.629717826843262
3.3499999046325684,0.23126159608364105,-0.5850189924240112,-0.7835869193077087,7.122109889984131,9.340712547302246,11.037202835083008
3.359999895095825,0.22775325179100037,-0.5948869585990906,-0.7795363664627075,5.839626312255859,9.76768970489502,11.179143905639648
3.369999885559082,0.22234277427196503,-0.5959819555282593,-0.7759978771209717,4.838808536529541,9.471753120422363,11.771924018859863
3.379999876022339,0.21420703828334808,-0.5938655138015747,-0.7653757333755493,3.806488037109375,10.047882080078125,11.750868797302246
3.3899998664855957,0.21552275121212006,-0.5956993699073792,-0.7688939571380615,2.2613275051116943,10.60103988647461,11.472698211669922
3.3999998569488525,0.2128410041332245,-0.5969982147216797,-0.7630071640014648,2.1629817485809326,10.58759593963623,12.400650024414062
3.4099998474121094,0.20330649614334106,-0.5977340936660767,-0.7560045123100281,0.9799032807350159,10.214885711669922,13.451446533203125
3.419999837875366,0.18465346097946167,-0.594170331954956,-0.754481852054596,-2.532259464263916,11.111512184143066,14.215097427368164
3.429999828338623,0.16863736510276794,-0.5983834862709045,-0.7522324919700623,-5.957460403442383,12.530543327331543,15.036163330078125
3.43999981880188,0.17350216209888458,-0.5995458364486694,-0.7588523030281067,-5.630712509155273,13.663030624389648,15.829583168029785
3.4499998092651367,0.19134308397769928,-0.5893092751502991,-0.767492949962616,-2.371723175048828,10.630367279052734,17.756620407104492
3.4600000381469727,0.2122347503900528,-0.5720515251159668,-0.769555389881134,-0.6635028719902039,7.403107166290283,14.928446769714355
3.4700000286102295,0.226035013794899,-0.5726984739303589,-0.7583499550819397,-1.4345535039901733,4.942677974700928,12.717571258544922
3.4800000190734863,0.2227286994457245,-0.5828164219856262,-0.7316303253173828,-3.408904790878296,3.8527228832244873,11.361124992370605
3.490000009536743,0.21336252987384796,-0.6038426160812378,-0.7238499522209167,-5.456219673156738,3.0190682411193848,10.12198257446289
3.5,0.21152494847774506,-0.6253935694694519,-0.725308358669281,-5.308551788330078,2.2466413974761963,11.519393920898438
3.509999990463257,0.2091403305530548,-0.6328591108322144,-0.7383801937103271,-4.95035982131958,1.4276504516601562,11.464601516723633
3.5199999809265137,0.20949366688728333,-0.6287050843238831,-0.7582849860191345,-4.2899088859558105,-0.5048865079879761,9.945782661437988
3.5299999713897705,0.2073139101266861,-0.5927905440330505,-0.7751111388206482,-2.394148349761963,-2.7441773414611816,7.653251647949219
3.5399999618530273,0.1960095316171646,-0.5806170105934143,-0.779943585395813,-3.1008453369140625,-5.094542980194092,4.337700366973877
3.549999952316284,0.183613583445549,-0.5811475515365601,-0.7864905595779419,-4.591629505157471,-7.016087532043457,2.838176727294922
3.559999942779541,0.18259726464748383,-0.5984071493148804,-0.7829200625419617,-3.4509549140930176,-8.470000267028809,2.912947654724121
3.569999933242798,0.17826338112354279,-0.6311877369880676,-0.790316641330719,-2.670445680618286,-9.256957054138184,3.2732629776000977
3.5799999237060547,0.1739828884601593,-0.6403748393058777,-0.8035069704055786,-1.5385979413986206,-10.327886581420898,2.3777785301208496
3.5899999141693115,0.1753242462873459,-0.6441562175750732,-0.8013293743133545,0.7392351627349854,-10.51978874206543,0.4554271697998047
3.5999999046325684,0.1683630645275116,-0.6306695342063904,-0.8022714853286743,2.1310555934906006,-10.861781120300293,0.03080577589571476
3.609999895095825,0.16454564034938812,-0.618901789188385,-0.8068734407424927,1.8116930723190308,-11.938525199890137,-1.4983460903167725
3.619999885559082,0.16899511218070984,-0.6175951361656189,-0.8063309788703918,2.143494129180908,-14.005157470703125,-2.1368675231933594
3.629999876022339,0.1691763550043106,-0.6213523149490356,-0.8034267425537109,2.0391347408294678,-14.383768081665039,-2.2672982215881348
3.6399998664855957,0.16457565128803253,-0.6209033727645874,-0.8090320229530334,2.991992235183716,-13.371400833129883,-1.826585054397583
3.6499998569488525,0.15646812319755554,-0.6103776693344116,-0.8088779449462891,4.171969890594482,-12.715887069702148,-0.9077938795089722
3.6599998474121094,0.14101430773735046,-0.6047616600990295,-0.8055479526519775,4.3430657386779785,-11.45507526397705,-0.5704784989356995
3.669999837875366,0.13279953598976135,-0.5977253317832947,-0.8057702779769897,5.109540939331055,-10.697564125061035,-0.9616716504096985
3.679999828338623,0.12855041027069092,-0.6017255783081055,-0.7996640801429749,5.484740734100342,-10.261252403259277,-1.2546615600585938
3.68999981880188,0.1252424120903015,-0.6022875905036926,-0.7958887815475464,5.1660075187683105,-9.581687927246094,-1.5468143224716187
3.6999998092651367,0.13305123150348663,-0.5989013314247131,-0.7952723503112793,5.318614482879639,-9.477392196655273,-0.8511055111885071
3.7099997997283936,0.13615381717681885,-0.5942313075065613,-0.7824925184249878,5.289326190948486,-10.402962684631348,-1.2322155237197876
3.7200000286102295,0.1251230537891388,-0.5886275172233582,-0.7741843461990356,4.42045259475708,-10.305241584777832,-1.4713221788406372
3.7300000190734863,0.12082581967115402,-0.5849698185920715,-0.7827688455581665,4.669676780700684,-10.905820846557617,-1.3551726341247559
3.740000009536743,0.1297014206647873,-0.5815945863723755,-0.7892404198646545,4.916628837585449,-11.376201629638672,-1.0495829582214355
3.75,0.13433480262756348,-0.579568088054657,-0.7881587147712708,4.662492752075195,-11.510320663452148,-0.5021947622299194
3.759999990463257,0.13128073513507843,-0.5848601460456848,-0.7852206826210022,3.834075689315796,-10.645139694213867,0.32521355152130127
3.7699999809265137,0.1186552494764328,-0.5982638597488403,-0.7889791131019592,3.334047794342041,-10.764545440673828,0.5772432684898376
3.7799999713897705,0.10837441682815552,-0.6033602356910706,-0.7902333736419678,3.6499266624450684,-9.986741065979004,0.784210741519928
3.7899999618530273,0.10392148047685623,-0.6014953255653381,-0.7932400107383728,4.408637523651123,-8.506559371948242,0.9713700413703918
3.799999952316284,0.10906355828046799,-0.5944687724113464,-0.791340708732605,4.663947582244873,-6.772953033447266,1.6470141410827637
3.809999942779541,0.11267693340778351,-0.598014235496521,-0.7931345701217651,3.655052900314331,-5.6738715171813965,2.6806368827819824
3.819999933242798,0.1033649817109108,-0.6046571731567383,-0.7949172258377075,2.7374424934387207,-5.218422889709473,3.64046573638916
3.8299999237060547,0.1004992350935936,-0.6005472540855408,-0.7962693572044373,3.825686454772949,-3.957056999206543,4.686361789703369
3.8399999141693115,0.09593108296394348,-0.5931360125541687,-0.7944880127906799,4.738009929656982,-2.8817355632781982,5.59814977645874
3.8499999046325684,0.09145866334438324,-0.5924455523490906,-0.7944549322128296,3.4719314575195312,-2.018380641937256,5.765107154846191
3.859999895095825,0.09748418629169464,-0.602594792842865,-0.7984106540679932,2.420336961746216,-1.6450989246368408,5.941131114959717
3.869999885559082,0.10100386291742325,-0.6164263486862183,-0.797644317150116,2.273895502090454,-0.37251976132392883,6.0362629890441895
3.879999876022339,0.09399726241827011,-0.6245443820953369,-0.799156665802002,2.641017198562622,1.2282452583312988,6.241755962371826
3.8899998664855957,0.08227496594190598,-0.6158510446548462,-0.802966296672821,2.4624717235565186,1.6317074298858643,6.216825008392334
3.8999998569488525,0.07859509438276291,-0.6114300489425659,-0.7989251017570496,2.728686571121216,1.7542881965637207,6.229137420654297
3.9099998474121094,0.08502056449651718,-0.6040946841239929,-0.7977117896080017,2.543668746948242,2.9402782917022705,6.641313552856445
3.919999837875366,0.10288064926862717,-0.6034209132194519,-0.794152557849884,1.5225833654403687,3.021664619445801,7.383171558380127
3.929999828338623,0.10890227556228638,-0.6111863255500793,-0.7877205610275269,1.6260876655578613,4.2294464111328125,7.390058517456055
3.93999981880188,0.11529172956943512,-0.6197506785392761,-0.7827410101890564,1.8085790872573853,4.3606181144714355,6.895846366882324
3.9499998092651367,0.12167446315288544,-0.6168074011802673,-0.7769079804420471,0.6684842705726624,3.7956652641296387,7.268619060516357
3.9599997997283936,0.12350444495677948,-0.6140289902687073,-0.7744759917259216,0.09316607564687729,3.5481417179107666,7.961360454559326
3.9700000286102295,0.11811628192663193,-0.620018720626831,-0.7746415734291077,-0.25867554545402527,3.8677477836608887,7.520224571228027
3.9800000190734863,0.11291473358869553,-0.6210500597953796,-0.7769138813018799,-0.14373721182346344,2.7755398750305176,6.9841766357421875
3.990000009536743,0.11090714484453201,-0.6212721467018127,-0.7775978446006775,-0.1348559856414795,2.3423800468444824,6.224447727203369
4.0,0.1091671735048294,-0.6292195320129395,-0.7855677604675293,-0.4640924036502838,1.8178362846374512,5.522303104400635
4.009999752044678,0.10859744995832443,-0.6216731071472168,-0.7858365774154663,-1.4880375862121582,0.4861485958099365,5.159356117248535
4.019999980926514,0.09994280338287354,-0.6132009625434875,-0.7882100343704224,-2.190800189971924,-0.7321332097053528,4.651054382324219
4.029999732971191,0.0936780571937561,-0.6142382621765137,-0.7842167615890503,-2.790210723876953,-1.9849050045013428,4.474823474884033
4.039999961853027,0.0906548798084259,-0.6166135668754578,-0.7849066853523254,-3.1213502883911133,-1.845290184020996,3.792741060256958
4.049999713897705,0.08603579550981522,-0.6106886267662048,-0.7870343923568726,-1.9143587350845337,-1.6210627555847168,3.9166247844696045
4.059999942779541,0.07678757607936859,-0.5970340967178345,-0.7938243746757507,-0.6726524829864502,-0.7271087765693665,3.95519757270813
4.069999694824219,0.07681791484355927,-0.5864977240562439,-0.8023737668991089,-1.035295009613037,-0.7645847797393799,4.658772945404053
4.079999923706055,0.08294905722141266,-0.5838009119033813,-0.8018448948860168,-1.2256743907928467,-0.3510729670524597,5.787796974182129
4.089999675750732,0.08295232057571411,-0.587928295135498,-0.800413191318512,-1.298445701599121,0.4382801651954651,5.753232002258301
4.099999904632568,0.0872788354754448,-0.5974107980728149,-0.7981469631195068,-1.6476497650146484,0.2393920123577118,5.183837890625
4.110000133514404,0.09472867101430893,-0.6012035012245178,-0.7934195399284363,-2.1391355991363525,0.21714939177036285,4.576793193817139
4.119999885559082,0.09807213395833969,-0.5925244092941284,-0.8028015494346619,-2.193192720413208,-0.08822968602180481,4.724035263061523
4.130000114440918,0.09708749502897263,-0.5707070827484131,-0.7963243126869202,-2.439755916595459,-1.9391992092132568,4.960219860076904
4.139999866485596,0.1001029759645462,-0.5667076706886292,-0.8057224750518799,-2.929076671600342,-1.1726882457733154,5.681849956512451
4.150000095367432,0.10715635865926743,-0.5690479874610901,-0.8060372471809387,-2.753182888031006,-1.1286699771881104,5.854121685028076
4.159999847412109,0.10696764290332794,-0.5818541646003723,-0.8054988980293274,-3.302657127380371,-1.6893484592437744,5.836741924285889
4.170000076293945,0.10217854380607605,-0.5936830639839172,-0.7963971495628357,-4.029166221618652,-1.5727591514587402,5.578432559967041
4.179999828338623,0.10106703639030457,-0.6016131639480591,-0.801898717880249,-3.791355609893799,-2.1406357288360596,5.064455509185791
4.190000057220459,0.09967198967933655,-0.5981338620185852,-0.8060333132743835,-2.4340686798095703,-1.30692720413208,4.246519088745117
4.199999809265137,0.09917256236076355,-0.5856289267539978,-0.802808940410614,-2.9261271953582764,-2.0060675144195557,3.8645243644714355
4.210000038146973,0.09284788370132446,-0.5783246159553528,-0.8032594919204712,-2.8397769927978516,-1.4513427019119263,3.97367525100708
4.21999979019165,0.08811359852552414,-0.5797181725502014,-0.8151282668113708,-1.810243844985962,-0.9067320227622986,3.9870545864105225
4.230000019073486,0.0833832323551178,-0.5798542499542236,-0.812807023525238,-0.9563736319541931,-0.8128718137741089,3.9072442054748535
4.239999771118164,0.08125878870487213,-0.5860775709152222,-0.8145493865013123,-0.6643551588058472,-0.7553562521934509,3.1514017581939697
4.25,0.08501951396465302,-0.5933325886726379,-0.8126159906387329,-0.7838256359100342,-0.5882311463356018,2.6241517066955566
4.259999752044678,0.0927933007478714,-0.5947585105895996,-0.8095835447311401,-0.8513351082801819,-0.6763134598731995,2.294510841369629
4.269999980926514,0.09950689226388931,-0.5982092022895813,-0.8032359480857849,-1.151216983795166,-1.073044776916504,2.1662638187408447
4.279999732971191,0.09634774923324585,-0.600684642791748,-0.7940372824668884,-1.5214771032333374,-1.0937618017196655,1.8728312253952026
4.289999961853027,0.09198743104934692,-0.5998603701591492,-0.7985044717788696,-1.5191662311553955,-1.7026139497756958,1.7990639209747314
4.299999713897705,0.09297681599855423,-0.5954828262329102,-0.7969421744346619,-1.5767489671707153,-2.9811034202575684,0.7966475486755371
4.309999942779541,0.09675563871860504,-0.5972204804420471,-0.7996566295623779,-1.2074835300445557,-3.6367063522338867,-0.3810192346572876
4.319999694824219,0.09614013880491257,-0.5931019186973572,-0.8003605604171753,-1.1496332883834839,-4.038963794708252,-0.7222238779067993
4.329999923706055,0.09458886086940765,-0.5849001407623291,-0.8050883412361145,-1.0138943195343018,-4.249275207519531,-0.0367773212492466
4.339999675750732,0.08804021775722504,-0.5831258296966553,-0.8093536496162415,-0.9106647968292236,-4.231188774108887,0.294111967086792
4.349999904632568,0.08344156295061111,-0.5813761949539185,-0.8071290850639343,-0.9247705936431885,-4.194608688354492,-0.07378749549388885
4.360000133514404,0.08019492030143738,-0.5845039486885071,-0.8063504099845886,-1.1756798028945923,-3.177051305770874,-0.1293489634990692
4.369999885559082,0.07755514979362488,-0.5886868238449097,-0.8063002824783325,-1.6212273836135864,-2.1730635166168213,-0.2702670395374298
4.380000114440918,0.07688147574663162,-0.5839313864707947,-0.8068945407867432,-1.3234933614730835,-1.2375832796096802,-0.06667839735746384
4.389999866485596,0.07515816390514374,-0.5794614553451538,-0.8045792579650879,-0.9507967829704285,-0.49490800499916077,-0.19167108833789825
4.400000095367432,0.07653475552797318,-0.5810766816139221,-0.8010294437408447,-1.21600341796875,0.02617761678993702,-0.4632624685764313
4.409999847412109,0.07897038757801056,-0.585616409778595,-0.7992959022521973,-1.518494725227356,0.5205304622650146,-0.5590545535087585
4.420000076293945,0.08741746097803116,-0.5875504016876221,-0.8044328093528748,-1.2906522750854492,0.6994572877883911,-0.2853700518608093
4.429999828338623,0.09459793567657471,-0.5838526487350464,-0.8059403896331787,-1.0594937801361084,-0.23962482810020447,-0.05653310939669609
4.440000057220459,0.09847214818000793,-0.5831882357597351,-0.8068493604660034,-1.0025142431259155,-0.8059841394424438,-0.271639883518219
4.449999809265137,0.09839047491550446,-0.5831828713417053,-0.8090105652809143,-1.020687222480774,-0.7903320789337158,-0.23685459792613983
4.460000038146973,0.09009504318237305,-0.5788737535476685,-0.8078822493553162,-0.8828663229942322,-0.741634726524353,0.1804623305797577
4.46999979019165,0.07994972169399261,-0.5792948603630066,-0.8069297671318054,-0.6912888884544373,-0.7970201373100281,0.5821442008018494
4.480000019073486,0.07657255232334137,-0.5840353965759277,-0.8060160875320435,-0.9706982374191284,-0.967009961605072,0.13386745750904083
4.489999771118164,0.08674933761358261,-0.587282121181488,-0.8113368153572083,-1.1067777872085571,-0.91806960105896,-0.47800540924072266
4.5,0.097396619617939,-0.5878849029541016,-0.8167610764503479,-0.6585353016853333,-1.2342407703399658,-0.7722333073616028
4.509999752044678,0.10127860307693481,-0.5840583443641663,-0.8158427476882935,-0.4638288617134094,-1.0961705446243286,-0.7246472239494324
4.519999980926514,0.09530466794967651,-0.5763307809829712,-0.81253582239151,-1.0356775522232056,-0.9888666272163391,-0.45957431197166443
4.529999732971191,0.08422710001468658,-0.5733923316001892,-0.8103930950164795,-1.8589154481887817,-1.4271994829177856,0.1872507929801941
4.539999961853027,0.0807463526725769,-0.5804547071456909,-0.8161829710006714,-1.1764492988586426,-0.8958780765533447,1.1133525371551514
4.549999713897705,0.08419079333543777,-0.5820894241333008,-0.8120778203010559,-0.1702418029308319,0.4182295799255371,1.4768556356430054
4.559999942779541,0.08859360963106155,-0.5784627795219421,-0.8121068477630615,-0.18961070477962494,0.871115505695343,1.5193113088607788
4.569999694824219,0.09302099794149399,-0.5803496241569519,-0.8170450329780579,-0.7710641622543335,0.5415661334991455,1.0948503017425537
4.579999923706055,0.09305300563573837,-0.578702449798584,-0.815535843372345,-0.6603537201881409,0.42079195380210876,0.7293534874916077
4.589999675750732,0.09061507135629654,-0.5746389627456665,-0.810465395450592,-1.3152616024017334,-0.36440572142601013,0.648033857345581
4.599999904632568,0.08901908248662949,-0.5765970945358276,-0.8166466951370239,-1.6901750564575195,-0.9233965277671814,0.9437782168388367
4.610000133514404,0.08852919936180115,-0.5805346965789795,-0.8136590719223022,-1.6520357131958008,-1.725833773612976,0.8915220499038696
4.619999885559082,0.08794476091861725,-0.5824933648109436,-0.8145403265953064,-1.582813024520874,-1.9127042293548584,1.122410774230957
4.630000114440918,0.09059493243694305,-0.5795168876647949,-0.8114601969718933,-1.4553452730178833,-2.5175390243530273,0.9774721264839172
4.639999866485596,0.09124334156513214,-0.5762938261032104,-0.8098417520523071,-0.8542901873588562,-1.8947843313217163,1.1503616571426392
4.650000095367432,0.08779098093509674,-0.5780208110809326,-0.8091447353363037,-1.193888545036316,-1.1956899166107178,1.1552211046218872
4.659999847412109,0.08314843475818634,-0.5821100473403931,-0.8104997873306274,-1.3481274843215942,-1.290649175643921,0.6166912317276001
4.670000076293945,0.08566656708717346,-0.5885323882102966,-0.8089121580123901,-1.4978792667388916,-1.9300545454025269,-0.22439119219779968
4.679999828338623,0.09219276160001755,-0.5910837054252625,-0.8073175549507141,-1.258245825767517,-2.665909767150879,-0.8744974732398987
4.690000057220459,0.09403255581855774,-0.5871358513832092,-0.8057644963264465,-1.1984513998031616,-3.5192883014678955,-1.2930110692977905
4.699999809265137,0.09054851531982422,-0.5845192074775696,-0.8067061901092529,-1.9557042121887207,-4.087458610534668,-1.8503999710083008
4.710000038146973,0.08289897441864014,-0.5823687314987183,-0.8094733953475952,-2.1346049308776855,-4.3775105476379395,-1.6673961877822876
4.71999979019165,0.07837995141744614,-0.5795968770980835,-0.8102928400039673,-1.5646198987960815,-4.529874801635742,-1.7390937805175781
4.730000019073486,0.07481452822685242,-0.5761379599571228,-0.8125188946723938,-1.1241552829742432,-3.7332584857940674,-1.5511668920516968
4.739999771118164,0.07307401299476624,-0.5736202597618103,-0.8153741359710693,-1.3594640493392944,-3.4717464447021484,-1.2051869630813599
4.75,0.07526147365570068,-0.5750210285186768,-0.8158934712409973,-1.0432456731796265,-2.993701696395874,-0.956513524055481
4.759999752044678,0.07674924284219742,-0.5733717083930969,-0.8131001591682434,0.025122305378317833,-2.8577723503112793,-1.161620020866394
4.769999980926514,0.07830365747213364,-0.5756121873855591,-0.815990149974823,0.13218973577022552,-1.950896143913269,-1.427777647972107
4.779999732971191,0.07570404559373856,-0.5726661682128906,-0.8168882727622986,-0.20444488525390625,-1.9105013608932495,-1.5480291843414307
4.789999961853027,0.07591663300991058,-0.5729975700378418,-0.8171405792236328,0.04008852690458298,-1.4178766012191772,-1.2465744018554688
4.799999713897705,0.08055146783590317,-0.5785375833511353,-0.8181061148643494,0.16195474565029144,-0.8455177545547485,-1.1381430625915527
4.809999942779541,0.08340819925069809,-0.5795257687568665,-0.8180325627326965,0.1573450267314911,-0.24849459528923035,-0.8367710709571838
4.819999694824219,0.08439695090055466,-0.5761952996253967,-0.8175052404403687,0.6840219497680664,0.3927169740200043,-0.3488730490207672
4.829999923706055,0.08225812017917633,-0.5722219944000244,-0.8181585073471069,1.0138972997665405,0.7964007258415222,0.3210108280181885
4.839999675750732,0.07897471636533737,-0.5708749890327454,-0.8177363276481628,0.3725128769874573,1.0712294578552246,0.39060479402542114
4.849999904632568,0.08001221716403961,-0.5741453170776367,-0.8151189088821411,0.03548217937350273,0.4356364607810974,0.4778949022293091
4.859999656677246,0.07959582656621933,-0.5772021412849426,-0.8139618039131165,0.2850203216075897,0.5460965633392334,0.38571563363075256
4.869999885559082,0.08011522144079208,-0.5771684050559998,-0.8143240809440613,0.5203694701194763,0.03649405017495155,0.09776891767978668
4.880000114440918,0.08288118988275528,-0.5777361989021301,-0.8139036893844604,0.08523734658956528,-0.5907989144325256,-0.6535632014274597
4.889999866485596,0.08984381705522537,-0.5781039595603943,-0.8121219277381897,-0.7104704976081848,-1.5287010669708252,-0.8350877165794373
4.900000095367432,0.09201579540967941,-0.5780380964279175,-0.807515561580658,-0.6738536357879639,-1.9842628240585327,-0.8251820206642151
4.909999847412109,0.09685792773962021,-0.5777595639228821,-0.8074276447296143,-0.847545862197876,-2.744107484817505,-1.0338449478149414
4.920000076293945,0.09772320836782455,-0.5748822689056396,-0.8070358633995056,-1.6443135738372803,-3.22633957862854,-1.2256006002426147
4.929999828338623,0.09285011142492294,-0.5706950426101685,-0.8087892532348633,-1.528213381767273,-2.0983784198760986,-0.6924540400505066
4.940000057220459,0.08435551822185516,-0.5652003884315491,-0.8094532489776611,-1.5772888660430908,-1.210329294204712,0.40713608264923096
4.949999809265137,0.079379603266716,-0.567919135093689,-0.816430926322937,-1.6533396244049072,-0.9344450235366821,0.8212900757789612
4.960000038146973,0.07669565826654434,-0.5705491900444031,-0.8183748722076416,-1.31708562374115,-0.8881209492683411,0.9570820927619934
4.96999979019165,0.07767248153686523,-0.5711418986320496,-0.819605827331543,-0.8531988263130188,-0.5944762229919434,0.7189508080482483
4.980000019073486,0.08040422201156616,-0.572031557559967,-0.8255259394645691,-0.5511962175369263,-0.6479553580284119,0.7523811459541321
4.989999771118164,0.08033384382724762,-0.5723041296005249,-0.8237079381942749,-0.18093553185462952,-0.39667367935180664,0.9881738424301147
5.0,0.07676050066947937,-0.5701272487640381,-0.8256062865257263,0.20794706046581268,-0.12326274067163467,1.135870099067688
5.009999752044678,0.07493966072797775,-0.5701565146446228,-0.8269839286804199,-0.14599059522151947,-0.36424386501312256,1.0395853519439697
5.019999980926514,0.07310318201780319,-0.5725701451301575,-0.827548623085022,-0.33638492226600647,-0.3559764325618744,0.5340359807014465
5.029999732971191,0.07455698400735855,-0.5733808875083923,-0.826744794845581,0.37679430842399597,-0.30784618854522705,0.31664377450942993
5.039999961853027,0.0820683166384697,-0.5707641243934631,-0.8217386603355408,0.4825539290904999,-0.223533034324646,0.38373202085494995
5.049999713897705,0.08810114115476608,-0.5729771852493286,-0.8183708190917969,0.19954006373882294,-0.30565643310546875,0.2657468318939209
5.059999942779541,0.09111392498016357,-0.5729972720146179,-0.818055272102356,0.4989590048789978,-0.0177194494754076,0.4663873314857483
5.069999694824219,0.08840988576412201,-0.5706948637962341,-0.8167506456375122,0.7963920831680298,0.2777343988418579,0.8592227101325989
5.079999923706055,0.08408085256814957,-0.5692607760429382,-0.813895046710968,0.9526034593582153,0.2941639721393585,1.224639892578125
5.089999675750732,0.08114306628704071,-0.5686432123184204,-0.809870719909668,0.7558839917182922,0.25214916467666626,1.3497729301452637
5.099999904632568,0.07898423075675964,-0.5684430003166199,-0.8102994561195374,0.5783432722091675,-0.08410996198654175,1.4114010334014893
5.109999656677246,0.08113158494234085,-0.5702067017555237,-0.8090642094612122,1.1804587841033936,0.31353917717933655,1.5368821620941162
5.119999885559082,0.08529557287693024,-0.5759444832801819,-0.8070849180221558,1.1597442626953125,1.114210605621338,1.62399160861969
5.130000114440918,0.08193129301071167,-0.579414963722229,-0.8076255917549133,0.46673718094825745,0.8833600282669067,1.6529614925384521
5.139999866485596,0.07633187621831894,-0.5789295434951782,-0.8077245950698853,0.39982539415359497,0.4613782465457916,1.3483052253723145
5.150000095367432,0.0739310011267662,-0.5777474641799927,-0.8142129778862,0.263349324464798,-0.3962337076663971,1.0016138553619385
5.159999847412109,0.07657330483198166,-0.5723018050193787,-0.8134044408798218,0.6065807342529297,-0.5800395607948303,0.513019323348999
5.170000076293945,0.08295291662216187,-0.570155680179596,-0.8145951628684998,0.4850967824459076,-0.5474234223365784,0.21612831950187683
5.179999828338623,0.0894792377948761,-0.5740894675254822,-0.8214111924171448,-0.07819749414920807,-0.9636378288269043,-0.22403575479984283
5.190000057220459,0.09299752861261368,-0.5731108784675598,-0.8172597885131836,0.10918950289487839,-1.3216050863265991,-1.0745060443878174
5.199999809265137,0.09374181181192398,-0.5735633373260498,-0.8139829635620117,0.11105255782604218,-1.50710928440094,-1.2102415561676025
5.210000038146973,0.08686906844377518,-0.5766240358352661,-0.8124860525131226,-0.655951201915741,-1.3450922966003418,-0.9970831871032715
5.21999979019165,0.07885602116584778,-0.5845640897750854,-0.8134188055992126,-0.5515918135643005,-0.9664809107780457,-0.8666524291038513
5.230000019073486,0.07246208935976028,-0.5907913446426392,-0.8136256337165833,-0.5739403963088989,-0.8481664061546326,-0.4494450092315674
5.239999771118164,0.06730904430150986,-0.5865941643714905,-0.8140406608581543,-0.4724930226802826,-0.910190999507904,0.07560664415359497
5.25,0.06840872019529343,-0.5791343450546265,-0.8132401704788208,-0.5259237289428711,-0.9463144540786743,0.09438986331224442
5.259999752044678,0.06861833482980728,-0.5752774477005005,-0.8149225115776062,-0.4735533893108368,-0.6850858926773071,0.12301512807607651
5.269999980926514,0.06797175109386444,-0.5740564465522766,-0.8187548518180847,-0.8130030035972595,-0.35767197608947754,0.20617033541202545
5.279999732971191,0.06762102991342545,-0.5746487975120544,-0.8158820271492004,-0.4408246874809265,-0.23840723931789398,0.2875387966632843
5.289999961853027,0.07114098966121674,-0.5762909650802612,-0.815064013004303,-0.2820964455604553,0.0037997716572135687,0.3505973517894745
5.299999713897705,0.07306206971406937,-0.577603280544281,-0.8171949982643127,-0.034177929162979126,-0.26651978492736816,0.5117941498756409
5.309999942779541,0.07627495378255844,-0.5756214261054993,-0.8185246586799622,0.6749755144119263,-0.026278480887413025,0.6398405432701111
5.319999694824219,0.07809962332248688,-0.5690514445304871,-0.8174429535865784,0.922336995601654,0.01977550983428955,0.7764461040496826
5.329999923706055,0.07885777205228806,-0.564598560333252,-0.818557858467102,0.835471510887146,-0.005537083372473717,0.5854583382606506
5.339999675750732,0.08143146336078644,-0.5683937668800354,-0.8196326494216919,1.1167048215866089,0.6881681084632874,0.7246868014335632
5.349999904632568,0.08554161339998245,-0.5719965696334839,-0.82364821434021,0.9916154742240906,0.34752148389816284,0.8733667731285095
